Date,open_SAR,open_USD,high_SAR,high_USD,low_SAR,low_USD,close_SAR,close_USD,volume
30-01-2021,128437.2485,34246.28,131012.7232,34933,123106.88,32825,128333.2124,34218.54,43072
29-01-2021,125144.0223,33368.18,144510.0378,38531.9,119695.5162,31915.4,128459.4509,34252.2,231827
28-01-2021,113870.3574,30362.19,126703.4386,33783.98,111919.8118,29842.1,125131.5709,33364.86,92621
27-01-2021,121753.0231,32464.01,122102.8604,32557.29,109668.1467,29241.72,113885.209,30366.15,95911
26-01-2021,120966.1142,32254.19,123470.2188,32921.88,115652.4724,30837.37,121767.1246,32467.77,84972
25-01-2021,120985.8413,32259.45,130795.2,34875,119675.264,31910,120966.1517,32254.2,88499
24-01-2021,120305.3312,32078,124029.4784,33071,115887.36,30900,120987.529,32259.9,57978
23-01-2021,123575.68,32950,125473.3824,33456,117725.6561,31390.16,120305.3312,32078,64595
22-01-2021,115707.3033,30851.99,126863.0181,33826.53,108199.04,28850,123557.5656,32945.17,142971
21-01-2021,133020.0498,35468.23,133514.24,35600,112778.2784,30071,115700.3276,30850.13,131803
20-01-2021,134646.6358,35901.94,136571.9786,36415.31,125263.36,33400,133020.0498,35468.23,89368
19-01-2021,137348.874,36622.46,141952.64,37850,134429.5626,35844.06,134607.4441,35891.49,79611
18-01-2021,134358.0425,35824.99,140526.8504,37469.83,130513.92,34800,137381.915,36631.27,70698
17-01-2021,134995.573,35994.98,138211.616,36852.5,126951.04,33850,134371.6189,35828.61,80157
16-01-2021,137780.0575,36737.43,142327.68,37950,132605.8931,35357.8,134995.573,35994.98,86348
15-01-2021,146810.1956,39145.21,149069.9991,39747.76,129043.7632,34408,137798.0219,36742.22,118300
14-01-2021,140157.6236,37371.38,150391.04,40100,137644.293,36701.23,146807.5328,39144.5,102950
13-01-2021,127697.9322,34049.15,141952.64,37850,121437.952,32380,140157.6236,37371.38,124477
12-01-2021,132803.0516,35410.37,137369.6512,36628,122004.2624,32531,127705.7705,34051.24,133948
11-01-2021,143077.835,38150.02,143508.0809,38264.74,114087.168,30420,132780.9243,35404.47,249131
10-01-2021,150346.8603,40088.22,155079.04,41350,131680.7069,35111.11,143077.835,38150.02,118209
09-01-2021,152217.3348,40586.96,155191.552,41380,145215.488,38720,150346.8603,40088.22,75785
08-01-2021,147887.573,39432.48,157329.28,41950,136889.6,36500,152201.7706,40582.81,139789
07-01-2021,137899.8077,36769.36,151384.896,40365,136139.52,36300,147886.8229,39432.28,132825
06-01-2021,127324.3173,33949.53,138536.8132,36939.21,124843.3152,33288,137899.8077,36769.36,127139
05-01-2021,119974.3584,31989.75,128863.744,34360,112136.96,29900,127324.3173,33949.53,116049
04-01-2021,123763.3875,33000.05,126013.44,33600,105498.752,28130,119970.458,31988.71,140899
03-01-2021,120674.5581,32176.45,130431.8237,34778.11,119873.9977,31962.99,123763.3875,33000.05,120957
02-01-2021,110005.6077,29331.7,124888.32,33300,108561.0661,28946.53,120681.6088,32178.33,129993
01-01-2021,108475.182,28923.63,111011.84,29600,107353.5873,28624.57,110005.5702,29331.69,54182
31-12-2020,108294.8627,28875.55,109886.72,29300,104448.64,27850,108475.182,28923.63,75508
30-12-2020,102704.704,27385,108746.5984,28996,102460.928,27320,108294.8252,28875.54,95356
29-12-2020,101558.6568,27079.42,102798.464,27410,97060.352,25880,102704.704,27385,69411
28-12-2020,98566.28762,26281.54,103136,27500,97889.1904,26101,101558.6193,27079.41,79721
27-12-2020,99360.84736,26493.4,106593.8688,28422,96385.28,25700,98566.73766,26281.66,148455
26-12-2020,92681.64749,24712.47,100762.1093,26867.03,91884.8,24500,99360.80986,26493.39,97806
25-12-2020,88993.2041,23728.99,92971.89094,24789.86,87885.37344,23433.6,92681.64749,24712.47,79519
24-12-2020,87130.75546,23232.39,89238.63027,23794.43,85146.90637,22703.42,88993.99168,23729.2,69013
23-12-2020,89299.98682,23810.79,90384.64,24100,84759.04,22600,87132.1431,23232.76,119047
22-12-2020,85208.63795,22719.88,89398.65984,23837.1,83834.19136,22353.4,89299.98682,23810.79,87033
21-12-2020,87967.65722,23455.54,90395.02861,24102.77,81814.976,21815,85208.00038,22719.71,88030
20-12-2020,89340.52864,23821.6,91115.968,24295,86484.224,23060,87967.58221,23455.52,76690
19-12-2020,86661.95546,23107.39,90652.68109,24171.47,85321.6,22750,89340.56614,23821.61,86045
18-12-2020,85498.43136,22797.15,87328.73907,23285.18,83821.44,22350,86661.95546,23107.39,79646
17-12-2020,80016.73421,21335.52,89259.52,23800,79620.992,21230,85498.46886,22797.16,184882
16-12-2020,72856.88307,19426.43,80858.624,21560,72302.46144,19278.6,80016.73421,21335.52,114306
15-12-2020,72284.04698,19273.69,73395.328,19570,71445.12,19050,72856.88307,19426.43,61834
14-12-2020,71913.8825,19174.99,72566.4896,19349,71257.6,19000,72281.98426,19273.14,47257
13-12-2020,70540.11098,18808.69,72799.0144,19411,70174.18445,18711.12,71913.8825,19174.99,56560
12-12-2020,67644.20211,18036.53,71065.05446,18948.66,67584.83328,18020.7,70540.11098,18808.69,49519
11-12-2020,68462.83942,18254.81,68605.05459,18292.73,65903.26643,17572.33,67644.20211,18036.53,72610
10-12-2020,69537.25402,18541.29,69597.37293,18557.32,67173.86445,17911.12,68462.16435,18254.63,52890
09-12-2020,68722.74214,18324.11,69905.84333,18639.57,66194.56,17650,69537.21651,18541.28,79585
08-12-2020,71883.54176,19166.9,72363.36794,19294.84,68257.28,18200,68722.74214,18324.11,61626
07-12-2020,72602.75597,19358.67,72836.18086,19420.91,70893.36115,18902.88,71883.54176,19166.9,41372
06-12-2020,71811.38406,19147.66,72832.768,19420,70721.2928,18857,72605.49376,19359.4,37043
05-12-2020,69946.8727,18650.51,71921.4208,19177,69382.4,18500,71811.38406,19147.66,42922
04-12-2020,72841.54394,19422.34,73234.0608,19527,69627.33862,18565.31,69946.91021,18650.52,71283
03-12-2020,72022.98163,19204.08,73500.3392,19598,70759.54688,18867.2,72839.89376,19421.9,66689
02-12-2020,70376.10598,18764.96,72540.2368,19342,68744.832,18330,72023.01914,19204.09,75911
01-12-2020,73867.39085,19695.87,74587.9552,19888,67511.40045,18001.12,70376.10598,18764.96,127698
30-11-2020,68201.024,18185,74494.79526,19863.16,68200.9865,18184.99,73867.39085,19695.87,115463
29-11-2020,66456.48794,17719.84,68857.53152,18360.05,65695.7568,17517,68200.9865,18184.99,55329
28-11-2020,64280.09331,17139.53,67058.9897,17880.49,63252.59622,16865.56,66456.52544,17719.85,64910
27-11-2020,64317.37229,17149.47,65473.05805,17457.62,61649.37523,16438.08,64280.05581,17139.52,85297
26-11-2020,70203.10003,18718.83,70938.92851,18915.03,60711.4752,16188,64317.37229,17149.47,181005
25-11-2020,71857.664,19160,73073.58118,19484.21,69383.41261,18500.27,70204.15014,18719.11,93266
24-11-2020,68887.3847,18368.01,72828.90509,19418.97,67574.7072,18018,71857.7015,19160.01,113581
23-11-2020,69059.41555,18413.88,70380.0064,18766,67507.2,18000,68887.3472,18368,82961
22-11-2020,70146.73152,18703.8,70320,18750,66047.76934,17610.86,69061.47827,18414.43,81645
21-11-2020,69966.18726,18655.66,71129.71136,18965.9,68664.49843,18308.58,70146.73152,18703.8,75577
20-11-2020,66767.65862,17802.81,70564.60109,18815.22,66532.24602,17740.04,69966.22477,18655.67,88423
19-11-2020,66673.6736,17777.75,68181.52192,18179.8,65015.62176,17335.65,66767.69613,17802.82,93009
18-11-2020,66229.73875,17659.38,69295.87827,18476.93,64561.07328,17214.45,66667.56045,17776.12,149019
17-11-2020,62680.73523,16713.08,66977.71853,17858.82,62024.1152,16538,66229.73875,17659.38,115221
16-11-2020,59845.1328,15957,63306.752,16880,59496.3456,15864,62682.57293,16713.57,81300
15-11-2020,60267.27782,16069.56,60681.472,16180,59161.50989,15774.72,59845.1328,15957,43596
14-11-2020,61206.67802,16320.04,61232.7433,16326.99,58768.768,15670,60270.61568,16070.45,59116
13-11-2020,61100.95424,16291.85,61806.592,16480,59827.69344,15952.35,61209.15328,16320.7,75691
12-11-2020,58822.2112,15684.25,61284.16128,16340.7,57908.57626,15440.64,61100.99174,16291.86,102196
11-11-2020,57370.65638,15297.21,59875.136,15965,57278.65907,15272.68,58822.1737,15684.24,78469
10-11-2020,57487.66886,15328.41,57981.184,15460,56527.75398,15072.46,57370.65638,15297.21,61681
09-11-2020,58037.81504,15475.1,59406.336,15840,55526.69722,14805.54,57487.66886,15328.41,108976
08-11-2020,55574.55232,14818.3,58693.76,15650,55145.43155,14703.88,58037.81504,15475.1,65547
07-11-2020,58430.96947,15579.93,59082.00141,15753.52,53796.56269,14344.22,55574.55232,14818.3,101431
06-11-2020,58468.81101,15590.02,59856.384,15960,56878.5664,15166,58430.93197,15579.92,122618
05-11-2020,53045.6951,14144.01,59068.8,15750,52856.48742,14093.56,58468.81101,15590.02,143741
04-11-2020,52593.84691,14023.53,53476.9536,14259,50724.16,13525,53045.6951,14144.01,93016
03-11-2020,50816.53235,13549.63,52753.53894,14066.11,49824.0265,13284.99,52593.84691,14023.53,74115
02-11-2020,51611.0921,13761.49,51868.032,13830,49486.71552,13195.05,50815.55725,13549.37,64566
01-11-2020,51721.7664,13791,52111.808,13895,51016.6912,13603,51611.1296,13761.5,36285
31-10-2020,50855.79904,13560.1,52880.64,14100,50298.4896,13411.5,51721.7664,13791,67339
30-10-2020,50464.21978,13455.69,51267.89299,13669.98,49186.496,13115,50855.79904,13560.1,70657
29-10-2020,49754.30656,13266.4,51166.36966,13642.91,48458.05581,12920.77,50464.25728,13455.7,74872
28-10-2020,51141.05446,13636.16,51978.59379,13859.48,48335.1552,12888,49754.30656,13266.4,94440
27-10-2020,48950.78336,13052.15,51715.35322,13789.29,48829.72045,13019.87,51141.09197,13636.17,80796
26-10-2020,48866.36186,13029.64,49650.83302,13238.81,47873.856,12765,48950.93338,13052.19,60951
25-10-2020,49174.23219,13111.73,50067.84,13350,48335.1552,12888,48863.32403,13028.83,38481
24-10-2020,48466.64422,12923.06,49380.50419,13166.73,48267.648,12870,49174.23219,13111.73,35952
23-10-2020,48638.33754,12968.84,48859.04858,13027.69,47705.38803,12720.08,48466.68173,12923.07,50386
22-10-2020,47932.9248,12780.75,49449.024,13185,47547.87123,12678.08,48637.13741,12968.52,70038
21-10-2020,44667.264,11910,49571.58707,13217.68,44580.81728,11886.95,47933.71238,12780.96,114584
20-10-2020,44072.67558,11751.46,45148.74035,12038.38,43795.63354,11677.59,44667.2265,11909.99,62134
19-10-2020,43141.37626,11503.14,44344.6921,11823.99,42784.41318,11407.96,44072.71309,11751.47,47414
18-10-2020,42605.70662,11360.31,43148.352,11505,42552.86349,11346.22,43141.37626,11503.14,23284
17-10-2020,42451.6777,11319.24,42763.63597,11402.42,42210.752,11255,42605.29408,11360.2,22368
16-10-2020,43148.83955,11505.13,43283.92896,11541.15,42004.48,11200,42451.97773,11319.32,48797
15-10-2020,42821.65466,11417.89,43569.67194,11617.34,42195.11283,11250.83,43148.80205,11505.12,48760
14-10-2020,42831.70573,11420.57,43309.54419,11547.98,42304.512,11280,42821.65466,11417.89,41415
13-10-2020,43235.5113,11528.24,43343.3728,11557,42379.52,11300,42831.66822,11420.56,42205
12-10-2020,42638.37261,11369.02,43954.7255,11720.01,41899.4688,11172,43235.5488,11528.25,52825
11-10-2020,42354.09229,11293.22,42923.328,11445,42083.2384,11221,42638.37261,11369.02,29043
10-10-2020,41444.32026,11050.64,43095.8464,11491,41443.8327,11050.51,42354.09229,11293.22,43648
09-10-2020,40974.77018,10925.44,41646.84186,11104.64,40613.0816,10829,41444.32026,11050.64,48240
08-10-2020,40003.26656,10666.4,41066.88,10950,39493.24966,10530.41,40975.25773,10925.57,51959
07-10-2020,39752.92736,10599.65,40061.28525,10681.87,39552.35597,10546.17,40003.22906,10666.39,32811
06-10-2020,40475.06688,10792.2,40504.32,10800,39472.96,10525,39752.96486,10599.66,48674
05-10-2020,40004.09165,10666.62,40496.8192,10798,39812.89626,10615.64,40475.10438,10792.21,34025
04-10-2020,39536.97933,10542.07,40117.54125,10696.87,39446.21965,10517.87,40004.12915,10666.63,23212
03-10-2020,39643.22816,10570.4,39767.59142,10603.56,39365.92358,10496.46,39536.94182,10542.06,22298
02-10-2020,39825.98515,10619.13,39996.66586,10664.64,38906.6496,10374,39643.22816,10570.4,50130
01-10-2020,40416.52314,10776.59,40954.368,10920,39142.9248,10437,39825.98515,10619.13,60866
30-09-2020,40656.51123,10840.58,40689.36474,10849.34,39998.50355,10665.13,40416.52314,10776.59,39596
29-09-2020,40114.69094,10696.11,40757.62202,10867.54,39888.76685,10635.87,40656.13619,10840.48,41874
28-09-2020,40407.7847,10774.26,41066.88,10950,39851.7504,10626,40114.72845,10696.12,50095
27-09-2020,40236.50394,10728.59,40500.5696,10799,39734.81293,10594.82,40407.7472,10774.25,30549
26-09-2020,40078.91213,10686.57,40582.85338,10820.94,39921.80787,10644.68,40236.54144,10728.6,28420
25-09-2020,40265.53203,10736.33,40356.29171,10760.53,39590.1225,10556.24,40079.28717,10686.67,48101
24-09-2020,38409.57158,10241.46,40486.4681,10795.24,38220.06387,10190.93,40265.49453,10736.32,57676
23-09-2020,39490.24934,10529.61,39518.52736,10537.15,38017.12973,10136.82,38409.57158,10241.46,51876
22-09-2020,39068.74189,10417.22,39651.89158,10572.71,38827.8912,10353,39490.24934,10529.61,43991
21-09-2020,40955.41811,10920.28,41212.62054,10988.86,38615.43104,10296.35,39068.74189,10417.22,70683
20-09-2020,41556.83226,11080.64,41556.83226,11080.64,40215.5392,10723,40955.41811,10920.28,39157
19-09-2020,41004.62336,10933.4,41928.68442,11179.79,40831.99245,10887.37,41556.86976,11080.65,38440
18-09-2020,41029.376,10940,41397.02771,11038.03,40552.47514,10812.84,41004.58586,10933.39,47266
17-09-2020,41081.9191,10954.01,41424.89318,11045.46,40301.16083,10745.83,41029.3385,10939.99,55601
16-09-2020,40448.92659,10785.23,41603.1872,11093,39983.83949,10661.22,41081.9191,10954.01,64991
15-09-2020,40023.40621,10671.77,40992.02202,10930.04,39778.54259,10606.48,40449.22662,10785.31,61822
14-09-2020,38752.28314,10332.84,40316.8,10750,38300.35994,10212.34,40023.40621,10671.77,67059
13-09-2020,39156.68877,10440.67,39679.64454,10580.11,38254.08,10200,38752.24563,10332.83,43837
12-09-2020,38958.74266,10387.89,39296.57869,10477.97,38513.7952,10269.25,39157.62637,10440.92,35379
11-09-2020,38767.35974,10336.86,38995.15904,10397.6,38254.08,10200,38958.74266,10387.89,43830
10-09-2020,38326.42522,10219.29,39316.75584,10483.35,37769.64083,10070.83,38767.39725,10336.87,58253
09-09-2020,37979.02566,10126.66,38790.3872,10343,37432.7799,9981.01,38326.08768,10219.2,49347
08-09-2020,38904.58688,10373.45,39146.6752,10438,36941.44,9850,37978.98816,10126.65,73491
07-09-2020,38463.68986,10255.89,39044.4768,10410.75,37035.2,9875,38904.54938,10373.44,62620
06-09-2020,38129.15418,10166.69,38805.91386,10347.14,37484.72294,9994.86,38464.85248,10256.2,56368
05-09-2020,39177.616,10446.25,39625.52627,10565.68,36847.68,9825,38129.15418,10166.69,90001
04-09-2020,38022.64282,10138.29,39855.68832,10627.05,37037.0752,9875.5,39177.616,10446.25,92733
03-09-2020,42711.58042,11388.54,42989.33504,11462.6,37356.98432,9960.8,38032.24384,10140.85,121950
02-09-2020,44712.15629,11921.97,44834.41933,11954.57,41854.83904,11160.1,42711.58042,11388.54,87221
01-09-2020,43690.3223,11649.51,45195.50784,12050.85,43185.856,11515,44712.15629,11921.97,78148
31-08-2020,43921.57197,11711.17,44257.60781,11800.77,43392.128,11570,43690.3223,11649.51,55353
30-08-2020,43001.48634,11465.84,43950.9376,11719,42972.0832,11458,43921.53446,11711.16,43177
29-08-2020,43230.48576,11526.9,43429.70701,11580.02,42818.46682,11417.04,43001.48634,11465.84,32973
28-08-2020,42493.45715,11330.38,43289.55456,11542.65,42292.84826,11276.89,43230.52326,11526.91,45953
27-08-2020,42984.90957,11461.42,43475.38688,11592.2,41723.2,11125,42493.45715,11330.38,63246
26-08-2020,42448.60237,11318.42,43277.06573,11539.32,42169.4976,11244,42984.94707,11461.43,53998
25-08-2020,44060.41178,11748.19,44134.14464,11767.85,41695.59706,11117.64,42448.60237,11318.42,69590
24-08-2020,43685.10925,11648.12,44348.10496,11824.9,43448.72154,11585.09,44060.44928,11748.2,46212
23-08-2020,43742.8279,11663.51,43947.44973,11718.07,43182.59315,11514.13,43685.14675,11648.13,37900
22-08-2020,43246.72499,11531.23,43827.1744,11686,42667.58822,11376.81,43740.76518,11662.96,43678
21-08-2020,44455.51642,11853.54,44547.2512,11878,43076.38182,11485.81,43247.13754,11531.34,64448
20-08-2020,44083.62675,11754.38,44584.7552,11888,43759.6672,11668,44455.55392,11853.55,46085
19-08-2020,44798.90304,11945.1,45080.10803,12020.08,43358.3744,11561,44084.41434,11754.59,73940
18-08-2020,46059.22496,12281.15,46459.09261,12387.77,44321.96467,11817.93,44798.5655,11945.01,75923
17-08-2020,44670.9769,11910.99,46759.9872,12468,44141.38291,11769.78,46059.14995,12281.13,84734
16-08-2020,44451.24096,11852.4,44748.72269,11931.72,43827.1744,11686,44671.0144,11911,41368
15-08-2020,44106.76672,11760.55,44929.792,11980,43804.672,11680,44451.24096,11852.4,56237
14-08-2020,44178.84941,11779.77,44442.24,11850,43632.26611,11634.03,44106.72922,11760.54,59818
13-08-2020,43370.90074,11564.34,44228.31718,11792.96,42268.35814,11270.36,44179.712,11780,70132
12-08-2020,42724.89434,11392.09,43570.34701,11617.52,41816.96,11150,43370.86323,11564.33,64909
11-08-2020,44603.13216,11892.9,44761.024,11935,41723.2,11125,42724.85683,11392.08,90748
10-08-2020,43811.01018,11681.69,45257.38944,12067.35,42942.08,11450,44603.20717,11892.92,84952
09-08-2020,44108.52941,11761.02,44243.88134,11797.11,43211.99629,11521.97,43810.97267,11681.68,41493
08-08-2020,43483.48774,11594.36,44285.73581,11808.27,43174.6048,11512,44109.99206,11761.41,41858
07-08-2020,44113.96749,11762.47,44667.03898,11909.94,42462.0288,11322,43483.00019,11594.23,65755
06-08-2020,44048.11046,11744.91,44629.76,11900,43364,11562.5,44113.92998,11762.46,63529
05-08-2020,41974.4393,11191.99,44183.19987,11780.93,41603.1872,11093,44048.11046,11744.91,74970
04-08-2020,42078.28787,11219.68,42810.74099,11414.98,41254.4,11000,41974.36429,11191.97,58629
03-08-2020,41522.02854,11071.36,43028.3392,11473,41014.3744,10936,42078.77542,11219.81,56931
02-08-2020,44259.10797,11801.17,45467.82438,12123.46,39448.5824,10518.5,41521.99104,11071.35,97553
01-08-2020,42512.50918,11335.46,44483.4944,11861,42079.488,11220,44259.10797,11801.17,85087
31-07-2020,41628.65242,11099.79,42919.5776,11444,41104.384,10960,42512.50918,11335.46,70063
30-07-2020,41631.39021,11100.52,41891.968,11170,40620.5824,10831,41627.97734,11099.61,60794
29-07-2020,40902.87501,10906.27,42540.11213,11342.82,40549.3248,10812,41631.42771,11100.53,76838
28-07-2020,41366.76198,11029.96,42162.85939,11242.23,39622.976,10565,40902.87501,10906.27,97267
27-07-2020,37247.24762,9931.54,42735.28294,11394.86,37193.50438,9917.21,41366.76198,11029.96,150188
26-07-2020,36380.45517,9700.42,37920.2944,10111,36191.36,9650,37247.24762,9931.54,65279
25-07-2020,35771.69024,9538.1,36502.26816,9732.9,35677.5552,9513,36380.45517,9700.42,40679
24-07-2020,36016.10381,9603.27,36142.6048,9637,35491.68538,9463.44,35770.56512,9537.8,43931
23-07-2020,35696.90726,9518.16,36243.8656,9664,35405.01363,9440.33,36016.10381,9603.27,51856
22-07-2020,35216.256,9390,35793.8176,9544,34732.4544,9261,35696.90726,9518.16,48815
21-07-2020,34356.58931,9160.78,35395.26259,9437.73,34326.66112,9152.8,35216.256,9390,60413
20-07-2020,34537.3961,9208.99,34584.38861,9221.52,34244.9024,9131,34356.58931,9160.78,35458
19-07-2020,34392.29312,9170.3,34624.70541,9232.27,34133.70304,9101.35,34537.3961,9208.99,26052
18-07-2020,34332.32422,9154.31,34576.06272,9219.3,34207.77344,9121.1,34392.21811,9170.28,22554
17-07-2020,34255.10349,9133.72,34454.28723,9186.83,34090.42342,9089.81,34332.36173,9154.32,28054
16-07-2020,34494.67904,9197.6,34601.75296,9226.15,33930.8064,9047.25,34255.10349,9133.72,43375
15-07-2020,34713.13984,9255.85,34790.5481,9276.49,34355.80173,9160.57,34494.67904,9197.6,39053
14-07-2020,34663.48454,9242.61,34801.98682,9279.54,34177.3952,9113,34713.13984,9255.85,45772
13-07-2020,34891.13382,9303.31,35043.06253,9343.82,34507.01786,9200.89,34663.52205,9242.62,42740
12-07-2020,34631.26861,9234.02,35047.488,9345,34344.288,9157.5,34889.0336,9302.75,30872
11-07-2020,34834.99034,9288.34,34876.01971,9299.28,34422.1088,9178.25,34631.30611,9234.03,22561
10-07-2020,34625.26797,9232.42,34944.27699,9317.48,34222.4,9125,34834.99034,9288.34,38295
09-07-2020,35388.99942,9436.06,35406.73882,9440.79,34353.664,9160,34625.30547,9232.43,48044
08-07-2020,34718.95296,9257.4,35516.288,9470,34619.9424,9231,35388.99942,9436.06,56140
07-07-2020,35037.99949,9342.47,35176.57677,9379.42,34514.9312,9203,34718.91546,9257.39,34587
06-07-2020,34013.91526,9069.41,35160,9375,33963.32237,9055.92,35044.48768,9344.2,54463
05-07-2020,34259.904,9135,34298.3081,9145.24,33352.41971,8893.03,34013.91526,9069.41,34073
04-07-2020,33970.33562,9057.79,34466.176,9190,33903.76602,9040.04,34261.62918,9135.46,26441
03-07-2020,34078.15962,9086.54,34222.4,9125,33894.12749,9037.47,33972.0983,9058.26,28943
02-07-2020,34623.6553,9231.99,34736.05478,9261.96,33528.576,8940,34078.15962,9086.54,45725
01-07-2020,34271.45523,9138.08,34848.7168,9292,34054.00704,9080.1,34623.6928,9232,38488
30-06-2020,34477.16467,9192.93,34522.432,9205,33996.96346,9064.89,34273.21792,9138.55,31463
29-06-2020,34189.24646,9116.16,34646.1952,9238,33846.12237,9024.67,34475.77702,9192.56,42120
28-06-2020,33798.6048,9012,34469.9264,9191,33558.80422,8948.06,34189.95904,9116.35,30688
27-06-2020,34361.95238,9162.21,34489.5785,9196.24,33127.2832,8833,33798.6048,9012,46290
26-06-2020,34689.2873,9249.49,34871.2192,9298,33924.05568,9045.45,34361.95238,9162.21,50292
25-06-2020,34872.45683,9298.33,35028.736,9340,33789.94138,9009.69,34689.2873,9249.49,55831
24-06-2020,36095.08723,9624.33,36266.368,9670,34533.6832,9208,34865.5561,9296.49,61571
23-06-2020,36325.21178,9685.69,36453.888,9720,35917.69331,9577.03,36097.18746,9624.89,41031
22-06-2020,34858.80538,9294.69,36678.912,9780,34792.79834,9277.09,36325.21178,9685.69,57895
21-06-2020,35099.80608,9358.95,35336.2688,9422,34809.48762,9281.54,34858.80538,9294.69,24316
20-06-2020,34917.08659,9310.23,35235.008,9395,34394.73088,9170.95,35099.80608,9358.95,30329
19-06-2020,35202.45453,9386.32,35397.40032,9438.3,34562.89882,9215.79,34917.08659,9310.23,45330
18-06-2020,35498.02355,9465.13,35587.5456,9489,34803.712,9280,35202.45453,9386.32,37381
17-06-2020,35729.94829,9526.97,35872.576,9565,34640.98214,9236.61,35498.06106,9465.14,48046
16-06-2020,35351.45792,9426.05,35962.5856,9589,35152.83674,9373.09,35724.77274,9525.59,52052
15-06-2020,35036.61184,9342.1,35610.048,9495,33417.75168,8910.45,35351.34541,9426.02,86107
14-06-2020,35528.81434,9473.34,35557.5049,9480.99,34672.448,9245,35036.61184,9342.1,30055
13-06-2020,35497.38598,9464.96,35609.03539,9494.73,35069.9904,9351,35528.81434,9473.34,27759
12-06-2020,34799.51155,9278.88,35843.02285,9557.12,34625.6055,9232.51,35498.02355,9465.13,50119
11-06-2020,37073.52909,9885.22,37368.9856,9964,34177.3952,9113,34805.21216,9280.4,94418
10-06-2020,36650.55898,9772.44,37476.69709,9992.72,36394.55667,9704.18,37072.704,9885,47130
09-06-2020,36686.4128,9782,37042.7008,9877,35891.328,9570,36650.52147,9772.43,46024
08-06-2020,36555.1113,9746.99,36753.92,9800,36127.6032,9633,36686.4503,9782.01,40664
07-06-2020,36254.55424,9666.85,36761.4208,9802,35150.47398,9372.46,36555.1113,9746.99,57952
06-06-2020,36083.23597,9621.17,36510.144,9735,35745.24992,9531.05,36252.49152,9666.3,32752
05-06-2020,36709.44026,9788.14,36959.2544,9854.75,35932.5824,9581,36083.19846,9621.16,47788
04-06-2020,36252.56653,9666.32,37060.06515,9881.63,35441.28,9450,36712.89062,9789.06,57456
03-06-2020,35696.38221,9518.02,36341.376,9690,35123.28358,9365.21,36252.2665,9666.24,46252
02-06-2020,38264.24358,10202.71,38362.8041,10228.99,34751.2064,9266,35696.45722,9518.04,108970
01-06-2020,35434.79181,9448.27,38929.152,10380,35335.03117,9421.67,38256.96781,10200.77,76649
31-05-2020,36370.32909,9697.72,36378.88,9700,35184.04006,9381.41,35434.79181,9448.27,48333
30-05-2020,35353.52064,9426.6,36528.896,9740,34995.84499,9331.23,36370.32909,9697.72,55665
29-05-2020,35913.34285,9575.87,36023.5671,9605.26,34991.232,9330,35355.28333,9427.07,57374
28-05-2020,34518.94413,9204.07,36099.36269,9625.47,34166.144,9110,35913.41786,9575.89,74110
27-05-2020,33157.2864,8841,34597.44,9225,33047.51219,8811.73,34518.94413,9204.07,68910
26-05-2020,33379.87264,8900.35,33819.86957,9017.67,32628.48,8700,33157.96147,8841.18,58299
25-05-2020,32696.51226,8718.14,33677.31686,8979.66,32413.65709,8642.72,33379.87264,8900.35,62833
24-05-2020,34424.9591,9179.01,34871.2192,9298,32628.48,8700,32704.76314,8720.34,70379
23-05-2020,34391.168,9170,34908.16064,9307.85,34016.128,9070,34425.48416,9179.15,43526
22-05-2020,34006.7895,9067.51,34769.9584,9271,33504.27341,8933.52,34391.168,9170,58943
21-05-2020,35671.66707,9511.43,35923.09389,9578.47,33059.776,8815,34011.06496,9068.65,108928
20-05-2020,36660.64755,9775.13,36911.4368,9842,34976.2304,9326,35671.66707,9511.43,74923
19-05-2020,36506.13107,9733.93,37118.49638,9897.21,35531.2896,9474,36662.14771,9775.53,78539
18-05-2020,36308.03494,9681.11,37316.48,9950,35494.64819,9464.23,36506.13107,9733.93,82006
17-05-2020,35181.78982,9380.81,37083.9552,9888,34961.60384,9322.1,36304.02202,9680.04,68647
16-05-2020,34938.57638,9315.96,35958.8352,9588,34578.688,9220,35183.51501,9381.27,59587
15-05-2020,36723.80429,9791.97,36925.01325,9845.62,34316.16,9150,34940.30157,9316.42,115890
14-05-2020,34913.78624,9309.35,37275.2256,9939,34716.5527,9256.76,36723.84179,9791.98,129565
13-05-2020,33044.7369,8810.99,35246.2592,9398,32977.2297,8792.99,34913.86125,9309.37,92466
12-05-2020,32111.07482,8562.04,33672.0663,8978.26,31986.33651,8528.78,33043.98682,8810.79,86522
11-05-2020,32713.87661,8722.77,34383.6672,9168,30753.28,8200,32109.12461,8561.52,168807
10-05-2020,35775.44064,9539.1,35909.44243,9574.83,30441.9968,8117,32713.87661,8722.77,183865
09-05-2020,36753.99501,9800.02,37182.4032,9914.25,35703.808,9520,35776.56576,9539.4,81950
08-05-2020,37452.61952,9986.3,37638.86438,10035.96,36397.632,9705,36753.9575,9800.01,100683
07-05-2020,34291.40736,9143.4,37755.2768,10067,33832.3584,9021,37452.99456,9986.4,147154
06-05-2020,33833.70854,9021.36,35235.008,9395,33401.84998,8906.21,34289.60717,9142.92,105925
05-05-2020,33273.24877,8871.92,34198.32243,9118.58,32853.504,8760,33835.47123,9021.83,76480
04-05-2020,33356.62016,8894.15,33566.08,8950,31960.9088,8522,33273.39878,8871.96,84418
03-05-2020,33650.76403,8972.58,34503.68,9200,32673.4848,8712,33356.65766,8894.16,90126
02-05-2020,33099.79277,8825.67,33791.104,9010,32827.2512,8753,33648.77632,8972.05,59002
01-05-2020,32328.448,8620,33975.54867,9059.18,32304.29542,8613.56,33104.63078,8826.96,91468
30-04-2020,32923.18643,8778.58,35478.784,9460,31507.1104,8401,32328.448,8620,206277
29-04-2020,29022.77043,7738.58,33576.91866,8952.89,28915.77152,7710.05,32923.14893,8778.57,183546
28-04-2020,29153.7719,7773.51,29178.112,7780,28724.76365,7659.12,29024.27059,7738.98,46302
27-04-2020,28852.20224,7693.1,29223.19181,7792.02,28525.5424,7606,29157.93485,7774.62,65441
26-04-2020,28274.37811,7539.03,28878.08,7700,28052.992,7480,28852.20224,7693.1,50522
25-04-2020,28146.752,7505,28896.832,7705,27869.48493,7431.07,28273.02797,7538.67,43874
24-04-2020,28067.84358,7483.96,28562.89638,7615.96,27707.9552,7388,28146.752,7505,60182
23-04-2020,26722.05005,7125.12,29020.5952,7738,26327.808,7020,28061.95546,7482.39,102773
22-04-2020,25657.83654,6841.36,26839.28755,7156.38,25570.2272,6818,26722.12506,7125.14,61486
21-04-2020,25611.40659,6828.98,26027.776,6940,25360.2048,6762,25657.87405,6841.37,60109
20-04-2020,26708.09856,7121.4,27077.888,7220,25318.9504,6751,25603.34323,6826.83,90149
19-04-2020,27185.14944,7248.6,27250.96896,7266.15,26461.32224,7055.6,26705.6233,7120.74,45664
18-04-2020,26353.23571,7026.78,27351.96723,7293.08,26306.80576,7014.4,27185.14944,7248.6,49488
17-04-2020,26635.3033,7101.99,26808.30925,7148.12,26151.46419,6972.98,26356.12352,7027.55,54126
16-04-2020,24832.336,6621.25,26965.376,7190,24258.59981,6468.27,26635.11578,7101.94,125009
15-04-2020,25759.88493,6868.57,26001.5232,6933,24771.392,6605,24832.2985,6621.24,61571
14-04-2020,25645.38522,6838.04,26170.2912,6978,25331.25171,6754.28,25760.37248,6868.7,69068
13-04-2020,25891.97402,6903.79,25891.97402,6903.79,24658.88,6575,25644.89766,6837.91,96415
12-04-2020,25790.90074,6876.84,26916.6208,7177,25427.712,6780,25891.97402,6903.79,73868
11-04-2020,25723.69357,6858.92,26043.90272,6944.3,25352.704,6760,25790.86323,6876.83,45470
10-04-2020,27316.18842,7283.54,27361.9808,7295.75,25277.62099,6739.98,25723.69357,6858.92,104674
09-04-2020,27603.9191,7360.26,27647.64877,7371.92,26658.14323,7108.08,27316.18842,7283.54,61094
08-04-2020,26992.82893,7197.32,27827.968,7420,26815.36,7150,27607.74451,7361.28,76059
07-04-2020,27490.05696,7329.9,27976.82138,7459.69,26541.5808,7077,26992.82893,7197.32,103585
06-04-2020,25400.63411,6772.78,27584.71706,7355.14,25371.456,6765,27490.05696,7329.9,118052
05-04-2020,25718.03046,6857.41,25861.03322,6895.54,25043.37101,6677.52,25400.63411,6772.78,49685
04-04-2020,25251.33069,6732.97,26216.83366,6990.41,24940.1975,6650.01,25716.4553,6856.99,72990
03-04-2020,25479.69254,6793.86,26432.8192,7048,24760.51584,6602.1,25255.56864,6734.1,104080
02-04-2020,24915.25734,6643.36,26995.3792,7198,24568.8704,6551,25480.55514,6794.09,149299
01-04-2020,24048.08986,6412.14,25052.44698,6679.94,23065.37254,6150.11,24913.60717,6642.92,97500
31-03-2020,23981.74528,6394.45,24464.72179,6523.23,23707.77856,6321.4,24041.71418,6410.44,72337
30-03-2020,22054.2272,5880.5,24748.8896,6599,21968.9431,5857.76,23981.48275,6394.38,118889
29-03-2020,23389.93216,6236.65,23500.0064,6266,22001.94662,5866.56,22057.67757,5881.42,63311
28-03-2020,23849.20614,6359.11,23852.544,6360,22592.4096,6024,23389.93216,6236.65,93159
27-03-2020,25267.45741,6737.27,25662.44954,6842.59,23481.2544,6261,23849.20614,6359.11,82914
26-03-2020,25042.99597,6677.42,25427.712,6780,24415.104,6510,25267.79494,6737.36,83026
25-03-2020,25295.28538,6744.69,26095.13318,6957.96,24190.08,6450,25043.03347,6677.43,132155
24-03-2020,24247.2736,6465.25,25626.4832,6833,23895.03603,6371.33,25295.39789,6744.72,151138
23-03-2020,21812.51392,5816.05,24752.64,6600,21332.2752,5688,24254.99942,6467.31,164674
22-03-2020,23203.87482,6187.04,24032.07565,6407.87,21504.8311,5734.01,21813.03898,5816.19,119115
21-03-2020,23269.61933,6204.57,24216.25779,6456.98,21977.41901,5860.02,23203.64979,6186.98,128913
20-03-2020,23110.15232,6162.05,25877.76,6900,21264.768,5670,23283.83334,6208.36,219298
19-03-2020,20226.8823,5393.26,24002.56,6400,19699.08851,5252.53,23111.35245,6162.37,199020
18-03-2020,19924.52506,5312.64,20387.81197,5436.17,18787.14125,5009.37,20226.05722,5393.04,137127
17-03-2020,18860.23654,5028.86,20720.96,5525,18457.40608,4921.45,19924.52506,5312.64,150089
16-03-2020,20103.38163,5360.33,20122.47117,5365.42,16659.72685,4442.12,18860.64909,5028.97,227276
15-03-2020,19398.86899,5172.48,22277.376,5940,19101.16224,5093.1,20107.01952,5361.3,139916
14-03-2020,20912.41792,5576.05,21154.20621,5640.52,18958.75955,5055.13,19397.29382,5172.06,136910
13-03-2020,18001.9575,4800.01,22333.632,5955,14184.50035,3782.13,20921.98144,5578.6,402201
12-03-2020,29757.84883,7934.58,29876.32397,7966.17,16539.264,4410,18001.92,4800,261505
11-03-2020,29607.79533,7894.57,29928.192,7980,28465.536,7590,29757.62381,7934.52,79942
10-03-2020,29740.18445,7929.87,30562.0096,8149,28983.1287,7728.01,29607.75782,7894.56,86783
09-03-2020,30133.5639,8034.76,30675.68422,8179.31,28623.0903,7632.01,29740.18445,7929.87,116968
08-03-2020,33323.2416,8885.25,33328.9047,8886.76,30003.2,8000,30128.12582,8033.31,77537
07-03-2020,34244.48986,9130.89,34458.6752,9188,33134.784,8835,33328.52966,8886.66,45422
06-03-2020,33958.52186,9054.64,34391.168,9170,33699.2192,8985.5,34248.20275,9131.88,43782
05-03-2020,32819.7129,8750.99,34351.48877,9159.42,32803.02362,8746.54,33958.67187,9054.68,58201
04-03-2020,32853.76653,8760.07,33184.62682,8848.29,32478.464,8660,32819.26285,8750.87,38696
03-03-2020,33420.48947,8911.18,33452.25536,8919.65,32444.7104,8651,32853.76653,8760.07,55154
02-03-2020,31992.03712,8530.3,33625.1488,8965.75,31870.8992,8498,33435.7161,8915.24,60401
01-03-2020,31966.94694,8523.61,32816,8750,31544.6144,8411,31997.96275,8531.88,43892
29-02-2020,32593.97632,8690.8,32966.016,8790,31966.72192,8523.55,31966.94694,8523.61,36748
28-02-2020,33090.7168,8823.25,33378.56,8900,31672.128,8445,32601.88966,8692.91,71155
27-02-2020,32951.0144,8786,33647.72621,8971.77,31994.6624,8531,33090.56678,8823.21,72483
26-02-2020,34940.52659,9316.48,35169.15098,9377.44,32379.56595,8633.63,32948.2016,8785.25,92130
25-02-2020,36212.06221,9655.52,36285.12,9675,34691.2,9250,34938.12634,9315.84,54379
24-02-2020,37265.47456,9936.4,37466.496,9990,35529.63942,9473.56,36214.34995,9656.13,55796
23-02-2020,36194.54784,9650.85,37466.496,9990,36172.608,9645,37265.47456,9936.4,37702
22-02-2020,36292.80832,9677.05,36413.27117,9709.17,35853.89901,9560.02,36194.58534,9650.86,24636
21-02-2020,35993.37638,9597.21,36587.0647,9755.51,35817.10758,9550.21,36292.80832,9677.05,42181
20-02-2020,35983.77536,9594.65,36375.1296,9699,35253.76,9400,35990.41357,9596.42,60152
19-02-2020,38121.99091,10164.78,38441.6,10250,35066.24,9350,35980.55002,9593.79,55162
18-02-2020,36401.3824,9706,38441.6,10250,35913.8679,9576.01,38121.72838,10164.71,70604
17-02-2020,37169.08928,9910.7,37369.58566,9964.16,35451.29357,9452.67,36401.3824,9706,70261
16-02-2020,37145.68678,9904.46,37691.52,10050,36146.80525,9638.12,37193.72941,9917.27,60023
15-02-2020,38795.48774,10344.36,38910.4,10375,36757.6704,9801,37146.66189,9904.72,57657
14-02-2020,38358.26611,10227.78,38935.00262,10381.56,37921.68205,10111.37,38795.48774,10344.36,47038
13-02-2020,38724.11763,10325.33,39379.2,10500,37804.032,10080,38365.20435,10229.63,79344
12-02-2020,38340.63923,10223.08,39191.68,10450,38340.63923,10223.08,38728.35558,10326.46,61008
11-02-2020,36947.9657,9851.74,38717.59194,10323.59,36378.88,9700,38340.63923,10223.08,62422
10-02-2020,38073.01069,10151.72,38209.0752,10188,36588.9024,9756,36948.30323,9851.83,59573
09-02-2020,37110.35802,9895.04,38126.5664,10166,37056.7648,9880.75,38073.1232,10151.75,43408
08-02-2020,36805.93805,9813.87,37278.976,9940,36255.52934,9667.11,37110.39552,9895.05,43600
07-02-2020,36648.9088,9772,37072.704,9885,36491.392,9730,36805.41299,9813.73,43966
06-02-2020,36048.95731,9612.03,36988.58253,9862.57,35727.62304,9526.35,36648.9088,9772,64949
05-02-2020,34492.50381,9197.02,36545.58528,9744.45,34418.24589,9177.22,36048.99482,9612.04,64870
04-02-2020,34846.27904,9291.35,35066.24,9350,34102.4247,9093.01,34492.50381,9197.02,53308
03-02-2020,34997.19514,9331.59,36074.31002,9618.79,34631.1936,9234,34849.6169,9292.24,50892
02-02-2020,35195.29126,9384.41,35542.65331,9477.03,34203.648,9120,34996.8951,9331.51,45690
01-02-2020,35072.65318,9351.71,35495.77331,9464.53,34807.4624,9281,35196.04134,9384.61,28578
31-01-2020,35672.00461,9511.52,35742.13709,9530.22,34541.2215,9210.01,35077.07866,9352.89,45552
30-01-2020,34884.60813,9301.57,35921.3312,9578,34520.33178,9204.44,35678.34278,9513.21,60626
29-01-2020,35161.27514,9375.34,35438.4297,9449.24,34563.6864,9216,34884.45811,9301.53,53864
28-01-2020,33406.95053,8907.57,35253.76,9400,33237.54496,8862.4,35157.03718,9374.21,74584
27-01-2020,32307.40826,8614.39,33753.6,9000,32009.664,8535,33406.95053,8907.57,53973
26-01-2020,31278.3735,8340.01,32321.43475,8618.13,31104.54246,8293.66,32309.696,8615,31130
25-01-2020,31649.5881,8438.99,31695.6055,8451.26,30959.17696,8254.9,31280.51123,8340.58,25521
24-01-2020,31520.31181,8404.52,31983.48621,8528.02,30895.7952,8238,31649.6256,8439,41687
23-01-2020,32563.86061,8682.77,32597.76422,8691.81,31152.28506,8306.39,31520.31181,8404.52,48165
22-01-2020,32763.64442,8736.04,33071.0272,8818,32215.936,8590,32562.32294,8682.36,29080
21-01-2020,32412.26944,8642.35,32962.2656,8789,31833.3952,8488,32763.60691,8736.03,36494
20-01-2020,32634.93069,8701.72,32804.7113,8746.99,31958.20851,8521.28,32412.26944,8642.35,38896
19-01-2020,33435.15354,8915.09,34499.85459,9198.98,31750.8864,8466,32634.85568,8701.7,70676
18-01-2020,33428.32781,8913.27,33711.89555,8988.88,33027.44755,8806.38,33438.41638,8915.96,38294
17-01-2020,32704.05056,8720.15,33909.80416,9041.65,32525.11898,8672.44,33428.36531,8913.28,70897
16-01-2020,33078.5655,8820.01,33227.83142,8859.81,32200.9344,8586,32703.5255,8720.01,51991
15-01-2020,33058.42586,8814.64,33440.36659,8916.48,32118.4256,8564,33083.81606,8821.41,84816
14-01-2020,30417.01914,8110.34,33303.552,8880,30399.01722,8105.54,33041.0615,8810.01,120399
13-01-2020,30696.91149,8184.97,30738.2784,8196,30212.80986,8055.89,30417.01914,8110.34,31159
12-01-2020,30078.2455,8020.01,30742.0288,8197,29853.184,7960,30696.94899,8184.98,38131
11-01-2020,30749.00454,8198.86,31077.08954,8286.34,30015.05126,8003.16,30078.2455,8020.01,54810
10-01-2020,29319.6521,7817.74,30749.5296,8199,28773.0688,7672,30742.10381,8197.02,82406
09-01-2020,30208.42189,8054.72,30213.07238,8055.96,29065.6,7750,29319.7271,7817.76,64239
08-01-2020,30550.45837,8145.92,31709.632,8455,29515.648,7870,30213.14739,8055.98,112622
07-01-2020,29098.97856,7758.9,30782.08307,8207.68,28967.00198,7723.71,30548.05811,8145.28,91171
06-01-2020,27594.09306,7357.64,29235.64314,7795.34,27553.2887,7346.76,29095.6032,7758,54635
05-01-2020,27581.15418,7354.19,28109.248,7495,27445.4272,7318,27598.256,7358.75,38331
04-01-2020,27546.688,7345,27767.9616,7404,27273.69638,7272.21,27580.85414,7354.11,29987
03-01-2020,26123.3737,6965.49,27771.712,7405,25769.14842,6871.04,27546.53798,7344.96,68428
02-01-2020,27005.76781,7200.77,27049.76,7212.5,25970.5449,6924.74,26124.19878,6965.71,31951
01-01-2020,26985.0281,7195.24,27209.152,7255,26909.68256,7175.15,27006.06784,7200.85,16792
31-12-2019,27175.3984,7246,27452.928,7320,26796.6455,7145.01,26984.99059,7195.23,25954
30-12-2019,27709.56787,7388.43,27783.8633,7408.24,27077.888,7220,27175.3984,7246,29605
29-12-2019,27435.52614,7315.36,28234.69888,7528.45,27332.9152,7288,27708.8553,7388.24,31387
28-12-2019,27208.28941,7254.77,27621.7335,7365.01,27147.90797,7238.67,27438.45146,7316.14,26848
27-12-2019,27010.3808,7202,27287.38534,7275.86,26539.40557,7076.42,27208.1769,7254.74,33642
26-12-2019,27021.6695,7205.01,27884.224,7435,26842.06285,7157.12,27010.3808,7202,36259
25-12-2019,27212.03981,7255.77,27272.04621,7271.77,26736.07654,7128.86,27020.24435,7204.63,27492
24-12-2019,27442.80192,7317.3,27890.52467,7436.68,26841.76282,7157.04,27212.03981,7255.77,43629
23-12-2019,28130.66278,7500.71,28860.75315,7695.38,27249.80634,7265.84,27442.01434,7317.09,68051
22-12-2019,26746.31514,7131.59,28197.53242,7518.54,26712.11149,7122.47,28133.40058,7501.44,39137
21-12-2019,26957.9127,7188.01,26967.55123,7190.58,26646.592,7105,26750.6656,7132.75,19467
20-12-2019,26820.27302,7151.31,27077.888,7220,26550.9568,7079.5,26957.23763,7187.83,32132
19-12-2019,27294.77363,7277.83,27677.952,7380,26396.47782,7038.31,26816.48512,7150.3,55509
18-12-2019,24842.04954,6623.84,27902.976,7440,24133.824,6435,27294.77363,7277.83,95636
17-12-2019,25845.65658,6891.44,26036.06438,6942.21,24602.624,6560,24841.97453,6623.82,53865
16-12-2019,26701.34784,7119.6,26815.36,7150,25637.7344,6836,25846.70669,6891.72,43863
15-12-2019,26493.35066,7064.14,27004.00512,7200.3,26284.11584,7008.35,26697.55994,7118.59,26395
14-12-2019,27218.04045,7257.37,27272.04621,7271.77,26297.8048,7012,26493.01312,7064.05,29561
13-12-2019,26994.4791,7197.76,27411.86112,7309.05,26968.2263,7190.76,27222.20339,7258.48,27609
12-12-2019,27040.384,7210,27359.168,7295,26553.95712,7080.3,26995.67923,7198.08,42288
11-12-2019,27093.45216,7224.15,27286.0352,7275.5,26724.07526,7125.66,27040.384,7210,30093
10-12-2019,27522.83546,7338.64,27781.46304,7407.6,26841.98784,7157.1,27093.37715,7224.13,49723
09-12-2019,28165.91654,7510.11,28690.56,7650,27276.6592,7273,27522.83546,7338.64,46621
08-12-2019,28080.40742,7487.31,28368.0256,7564,27658.67494,7374.86,28165.91654,7510.11,29856
07-12-2019,28232.26112,7527.8,28576.62285,7619.62,28016.08806,7470.16,28083.78278,7488.21,31498
06-12-2019,27711.7056,7389,28465.64851,7590.03,27396.672,7305,28231.02349,7527.47,48189
05-12-2019,26982.59034,7194.59,28071.744,7485,26815.36,7150,27711.7056,7389,59306
04-12-2019,27350.57958,7292.71,29065.6,7750,26504.0768,7067,26981.57773,7194.32,83147
03-12-2019,27356.99277,7294.42,27752.96,7400,27157.95904,7241.35,27350.57958,7292.71,33149
02-12-2019,27721.0816,7391.5,27830.06822,7420.56,26819.48544,7151.1,27356.46771,7294.28,46330
01-12-2019,28280.37875,7540.63,28284.95424,7541.85,27040.384,7210,27718.79386,7390.89,60769
30-11-2019,29031.8089,7740.99,29290.624,7810,27906.7264,7441,28285.10426,7541.89,46989
29-11-2019,27822.41741,7418.52,29440.64,7850,27611.56992,7362.3,29026.89587,7739.68,60745
28-11-2019,28157.62816,7507.9,28664.3072,7643,27602.944,7360,27826.0553,7419.49,56933
27-11-2019,26833.1744,7154.75,28709.312,7655,25652.736,6840,28159.95341,7508.52,92452
26-11-2019,26665.3065,7109.99,27527.936,7340,26318.35699,7017.48,26838.38746,7156.14,65722
25-11-2019,25878.62259,6900.23,27669.28858,7377.69,24433.856,6515,26663.73133,7109.57,119645
24-11-2019,27419.54944,7311.1,27491.89466,7330.39,25731.4944,6861,25890.06131,6903.28,67890
23-11-2019,27258.76979,7268.23,27544.73779,7344.48,26552.8695,7080.01,27421.31213,7311.57,50449
22-11-2019,28607.26362,7627.79,29065.6,7750,25465.216,6790,27258.76979,7268.23,126603
21-11-2019,30372.83942,8098.56,30508.49139,8134.73,28128,7500,28607.0761,7627.74,58418
20-11-2019,30505.11603,8133.83,30994.39322,8264.29,30147.21536,8038.4,30370.7767,8098.01,32466
19-11-2019,30702.6496,8186.5,30823.14995,8218.63,30014.4512,8003,30504.40346,8133.64,43556
18-11-2019,31889.16365,8502.87,31891.60141,8503.52,30228.224,8060,30705.16237,8187.17,43017
17-11-2019,31843.6713,8490.74,32384.704,8635,31318.39027,8350.68,31887.40096,8502.4,27009
16-11-2019,31771.96365,8471.62,32039.6672,8543,31503.36,8400,31844.72141,8491.02,20902
15-11-2019,32427.38355,8646.38,32966.016,8790,31503.36,8400,31772.37619,8471.73,46087
14-11-2019,32919.28602,8777.54,33003.52,8800,32188.18304,8582.6,32428.50867,8646.68,33468
13-11-2019,33085.69126,8821.91,33172.2505,8844.99,32635.9808,8702,32917.71085,8777.12,26810
12-11-2019,32753.59334,8733.36,33333.5552,8888,32131.92704,8567.6,33085.80378,8821.94,40366
11-11-2019,33904.21606,9040.16,34024.82893,9072.32,32323.49747,8618.68,32753.25581,8733.27,44888
10-11-2019,33037.94867,8809.18,34305.62138,9147.19,32816,8750,33901.62829,9039.47,34422
09-11-2019,32905.0345,8773.74,33303.552,8880,32721.78995,8724.88,33038.81126,8809.41,29469
08-11-2019,34556.1856,9214,34732.4544,9261,32613.4784,8696,32904.99699,8773.73,62107
07-11-2019,35025.58566,9339.16,35160,9375,34132.3904,9101,34564.43648,9216.2,39117
06-11-2019,34907.71059,9307.73,35407.18886,9440.91,34691.2375,9250.01,35025.17312,9339.05,37336
05-11-2019,35225.25696,9392.4,35459.84448,9454.95,34412.7703,9175.76,34911.19846,9308.66,45935
04-11-2019,34490.40358,9196.46,35680.10547,9513.68,34188.04634,9115.84,35228.81984,9393.35,45894
03-11-2019,34840.65344,9289.85,35113.38253,9362.57,34001.65146,9066.14,34483.84038,9194.71,27894
02-11-2019,34621.44256,9231.4,35155.2745,9373.74,34451.96198,9186.21,34839.41581,9289.52,28923
01-11-2019,34281.88134,9140.86,34799.9616,9279,33866.112,9030,34622.23014,9231.61,43594
31-10-2019,34331.23661,9154.02,35272.512,9405,33427.3152,8913,34281.84384,9140.85,54376
30-10-2019,35282.33805,9407.62,35290.66394,9409.84,33757.3879,9001.01,34333.86189,9154.72,55241
29-10-2019,34520.36928,9204.45,35816.32,9550,34023.6288,9072,35282.33805,9407.62,64158
28-10-2019,35734.67379,9528.23,37136.83584,9902.1,34353.664,9160,34522.95706,9205.14,80174
27-10-2019,34616.192,9230,36735.09299,9794.98,34032.40474,9074.34,35741.04947,9529.93,93833
26-10-2019,32463.01235,8655.88,38891.648,10370,31767.31315,8470.38,34616.192,9230,162588
25-10-2019,27799.50246,7412.41,32999.7696,8799,27606.6944,7361,32459.78701,8655.02,90748
24-10-2019,28009.74989,7468.47,28141.80147,7503.68,27520.3977,7337.99,27799.50246,7412.41,32714
23-10-2019,30078.43302,8020.06,30181.68154,8047.59,27377.92,7300,28002.81165,7466.62,63897
22-10-2019,30743.07891,8197.28,31120.7817,8297.99,30003.2,8000,30078.208,8020,34651
21-10-2019,30840.85184,8223.35,31252.0832,8333,30535.86931,8142.03,30743.04141,8197.27,30448
20-10-2019,29815.19245,7949.87,31117.0688,8297,29515.648,7870,30840.85184,8223.35,34286
19-10-2019,29804.01626,7946.89,30371.11424,8098.1,29504.09677,7866.92,29808.2167,7948.01,26627
18-10-2019,30268.39078,8070.71,30434.496,8115,29313.1639,7816.01,29804.4663,7947.01,31353
17-10-2019,29984.52301,7995.02,30471.69997,8124.92,29737.03411,7929.03,30267.90323,8070.58,29656
16-10-2019,30600.63872,8159.3,30682.62246,8181.16,29691.9168,7917,29972.2217,7991.74,34733
15-10-2019,31304.06374,8346.86,31514.6112,8403,30340.736,8090,30600.60122,8159.29,32773
14-10-2019,31035.4601,8275.24,31461.54304,8388.85,30764.5312,8203,31309.08928,8348.2,29810
13-10-2019,31135.74579,8301.98,31696.01805,8451.37,30603.264,8160,31034.5975,8275.01,27840
12-10-2019,30970.61568,8257.95,31503.36,8400,30940.8,8250,31128.65754,8300.09,21339
11-10-2019,32095.24813,8557.82,32926.6743,8779.51,30799.70995,8212.38,30972.6784,8258.5,50405
10-10-2019,32111.48736,8562.15,32418.4576,8644,31557.81581,8414.52,32096.03571,8558.03,39137
09-10-2019,30643.73082,8170.79,32515.968,8670,30434.496,8115,32106.1993,8560.74,55038
08-10-2019,30718.85133,8190.82,31222.08,8325,30336.048,8088.75,30634.72986,8168.39,35452
07-10-2019,29460.51712,7855.3,31128.01997,8299.92,29110.6048,7762,30716.11354,8190.09,52202
06-10-2019,30481.56352,8127.55,30580.27405,8153.87,29196.864,7785,29456.5792,7854.25,34676
05-10-2019,30517.34234,8137.09,30691.06086,8183.41,30051.88019,8012.98,30476.46298,8126.19,21907
04-10-2019,30844.90227,8224.43,30874.83046,8232.41,30021.952,8005,30517.49235,8137.13,26476
03-10-2019,31353.344,8360,31477.1072,8393,30228.224,8060,30843.13958,8223.96,30488
02-10-2019,31100.82957,8292.67,31405.51206,8373.91,30570.33549,8151.22,31353.11898,8359.94,26243
01-10-2019,31090.70349,8289.97,31878.4,8500,30652.20672,8173.05,31099.96698,8292.44,43472
30-09-2019,30164.61722,8043.04,31268.0599,8337.26,28915.584,7710,31088.34074,8289.34,55865
29-09-2019,30750.95475,8199.38,30862.52915,8229.13,29590.656,7890,30167.54253,8043.82,31544
28-09-2019,30668.78349,8177.47,31184.576,8315,30007.28794,8001.09,30748.81702,8198.81,34473
27-09-2019,30241.3129,8063.49,30997.056,8265,29448.70336,7852.15,30670.43366,8177.91,43882
26-09-2019,31616.05952,8430.05,31750.8489,8465.99,29065.6,7750,30242.21299,8063.73,67930
25-09-2019,31869.21152,8497.55,32740.992,8730,30811.93626,8215.64,31616.05952,8430.05,60783
24-09-2019,36387.13088,9702.2,36735.1305,9794.99,29253.12,7800,31852.67226,8493.14,94007
23-09-2019,37609.19872,10028.05,37691.4825,10049.99,36062.98381,9615.77,36387.3184,9702.25,31937
22-09-2019,37448.30656,9985.15,37837.7856,10089,36956.32909,9853.97,37612.27405,10028.87,22049
21-09-2019,38133.76717,10167.92,38166.69568,10176.7,37128.96,9900,37452.95706,9986.39,20544
20-09-2019,38417.97248,10243.7,38557.8624,10281,37734.23706,10061.39,38136.27994,10168.59,25088
19-09-2019,38090.60006,10156.41,38722.88,10325,36202.6112,9653,38420.18522,10244.29,44826
18-09-2019,38207.12499,10187.48,38471.67821,10258.02,37879.04,10100,38092.7753,10156.99,24250
17-09-2019,38440.39987,10249.68,38535.36,10275,37984.0887,10128.01,38208.40013,10187.82,22914
16-09-2019,38641.64634,10303.34,38835.392,10355,37796.5312,10078,38446.51302,10251.31,28971
15-09-2019,38752.17062,10332.81,38854.144,10360,38449.66336,10252.15,38636.6583,10302.01,18047
14-09-2019,38794.62515,10344.13,39079.1305,10419.99,38337.82643,10222.33,38760.45901,10335.02,23621
13-09-2019,39060.4535,10415.01,39150.4256,10439,38077.8112,10153,38786.86182,10342.06,30280
12-09-2019,38099.376,10158.75,39187.21702,10448.81,37654.016,10040,39060.4535,10415.01,34511
11-09-2019,37872.25178,10098.19,38602.8672,10293,37053.952,9880,38097.80083,10158.33,31953
10-09-2019,38638.79603,10302.58,38947.8665,10384.99,37327.7312,9953,37872.10176,10098.15,28915
09-09-2019,38933.8025,10381.24,39304.192,10480,37760.9024,10068.5,38640.82125,10303.12,39835
08-09-2019,39213.80736,10455.9,39726.112,10592.5,38284.0832,10208,38933.57747,10381.18,23984
07-09-2019,38624.28198,10298.71,39596.7232,10558,38586.25293,10288.57,39213.73235,10455.88,27637
06-09-2019,39615.96275,10563.13,40901.37485,10905.87,38066.56,10150,38624.35699,10298.73,58799
05-09-2019,39626.42637,10565.92,40879.36,10900,39191.68,10450,39621.0633,10564.49,33970
04-09-2019,39798.68224,10611.85,40500.5696,10799,38891.23546,10369.89,39630.55181,10567.02,43943
03-09-2019,38779.136,10340,40403.0592,10773,38524.1088,10272,39811.54611,10615.28,47998
02-09-2019,36467.35194,9723.59,39191.68,10450,36425.76,9712.5,38779.136,10340,44740
01-09-2019,35961.6105,9588.74,36866.432,9830,35703.808,9520,36472.56499,9724.98,19545
31-08-2019,35939.1831,9582.76,36320.7863,9684.51,35331.5808,9420.75,35956.84749,9587.47,17130
30-08-2019,35625.0871,9499.01,36363.8784,9696,35067.77766,9350.41,35945.85882,9584.54,26834
29-08-2019,36457.6384,9721,36468.8896,9724,34953.728,9320,35622.94938,9498.44,35532
28-08-2019,38200.41178,10185.69,38625.3696,10299,36007.6279,9601.01,36457.6384,9721,42110
27-08-2019,38905.14944,10373.6,38970.70643,10391.08,37695.57043,10051.08,38198.01152,10185.05,28402
26-08-2019,38039.14458,10142.69,39769.2416,10604,38021.29267,10137.93,38900.0864,10372.25,41687
25-08-2019,38008.84134,10134.61,38752.8832,10333,37155.10029,9906.97,38039.14458,10142.69,26271
24-08-2019,38959.75526,10388.16,39076.99277,10419.42,37091.456,9890,38007.86624,10134.35,27692
23-08-2019,37878.66496,10099.9,39172.928,10445,37578.22042,10019.79,38964.96832,10389.55,27550
22-08-2019,38032.13133,10140.82,38411.5968,10242,36611.4048,9762,37878.58995,10099.88,34059
21-08-2019,40356.2167,10760.51,40519.80915,10804.13,36971.4432,9858,38038.69453,10142.57,47355
20-08-2019,40934.60339,10914.73,41066.72998,10949.96,39604.224,10560,40356.2167,10760.51,32298
19-08-2019,38652.25997,10306.17,40991.872,10930,38473.85344,10258.6,40937.64122,10915.54,37243
18-08-2019,38314.27392,10216.05,39379.2,10500,37804.032,10080,38654.54771,10306.78,24085
17-08-2019,38745.94496,10331.15,39248.46106,10465.14,37504,10000,38314.16141,10216.02,29000
16-08-2019,38617.00621,10296.77,39514.32691,10536.03,36566.4,9750,38747.40762,10331.54,51758
15-08-2019,37710.87206,10055.16,39229.184,10460,37170.2144,9911,38606.35507,10293.93,38174
14-08-2019,40854.45734,10893.36,40869.90899,10897.48,37234.34624,9928.1,37692.90765,10050.37,54451
13-08-2019,42748.37184,11398.35,42965.18246,11456.16,40461.00288,10788.45,40852.01958,10892.71,33234
12-08-2019,43276.16563,11539.08,43421.71866,11577.89,42136.94413,11235.32,42739.85843,11396.08,17568
11-08-2019,42414.1737,11309.24,43504.64,11600,41674.85734,11112.11,43317.00749,11549.97,26772
10-08-2019,44554.67699,11879.98,44948.544,11985,42267.008,11270,42414.43622,11309.31,42633
09-08-2019,44982.93517,11994.17,45176.11827,12045.68,43879.68,11700,44554.7145,11879.99,39427
08-08-2019,44911.19002,11975.04,45229.824,12060,43208.3584,11521,45003.93741,11999.77,51207
07-08-2019,43060.93018,11481.69,45534.24397,12141.17,42690.20314,11382.84,44911.15251,11975.03,69173
06-08-2019,44367.232,11830,46245.05728,12330.7,42104.61568,11226.7,43060.93018,11481.69,76705
05-08-2019,40991.8345,10929.99,44770.47501,11937.52,40983.62112,10927.8,44362.73152,11828.8,65153
04-08-2019,40567.55174,10816.86,41404.416,11040,39574.2208,10552,40988.98419,10929.23,39924
03-08-2019,39468.272,10523.75,40897.24941,10904.77,39371.43667,10497.93,40567.55174,10816.86,33802
02-08-2019,38910.4,10375,40016.768,10670,38559.17504,10281.35,39468.272,10523.75,42990
01-08-2019,37806.01971,10080.53,39258.66214,10467.86,36991.92038,9863.46,38910.3625,10374.99,41727
31-07-2019,35910.08,9575,37915.79392,10109.8,35835.072,9555,37806.01971,10080.53,39515
30-07-2019,35662.81613,9509.07,36432.43571,9714.28,35261.2608,9402,35907.11718,9574.21,32536
29-07-2019,35784.59162,9541.54,36487.6416,9729,35235.008,9395,35657.45306,9507.64,29021
28-07-2019,35549.74157,9478.92,35985.0505,9594.99,34372.416,9165,35784.59162,9541.54,29401
27-07-2019,36843.9296,9824,38211.55046,10188.66,35002.4832,9333,35540.74061,9476.52,43809
26-07-2019,37062.01536,9882.15,37091.38099,9889.98,36142.6048,9637,36843.9296,9824,27167
25-07-2019,36616.65536,9763.4,38160.32,10175,36454.00051,9720.03,37053.46445,9879.87,37873
24-07-2019,36996.87091,9864.78,37267.7248,9937,35722.56,9525,36616.20531,9763.28,43475
23-07-2019,38790.68723,10343.08,38794.02509,10343.97,36836.4288,9822,36997.35846,9864.91,47624
22-07-2019,39717.29856,10590.15,40066.12326,10683.16,37879.04,10100,38780.29862,10340.31,40467
21-07-2019,40280.30861,10740.27,40571.45216,10817.9,38584.1152,10288,39714.67328,10589.45,38834
20-07-2019,39400.87731,10505.78,41513.1401,11068.99,38816.64,10350,40280.15859,10740.23,47331
19-07-2019,39861.65146,10628.64,40390.72038,10769.71,37960.94874,10121.84,39395.28922,10504.29,56546
18-07-2019,36262.09254,9668.86,40459.3152,10788,34698.7008,9252,39856.10086,10627.16,80283
17-07-2019,35366.90957,9430.17,37342.7328,9957,33978.624,9060,36258.56717,9667.92,84942
16-07-2019,40631.00851,10833.78,41359.4112,11028,35066.2775,9350.01,35402.23834,9439.59,97219
15-07-2019,38157.24467,10174.18,41629.44,11100,36978.944,9860,40649.53549,10838.72,81922
14-07-2019,42588.71731,11355.78,42949.5808,11452,37890.2912,10103,38157.24467,10174.18,72517
13-07-2019,44094.27789,11757.22,44254.64499,11799.98,40616.832,10830,42588.6423,11355.76,54245
12-07-2019,42540.33715,11342.88,44573.504,11885,41528.1792,11073,44094.27789,11757.22,56321
11-07-2019,45410.25574,12108.11,45423.83219,12111.73,41254.4,11000,42540.37466,11342.89,87506
10-07-2019,47061.9319,12548.51,49306.80883,13147.08,43388.3776,11569,45411.23085,12108.37,109246
09-07-2019,45899.64544,12238.6,47985.35539,12794.73,45259.8272,12068,47042.80486,12543.41,78442
08-07-2019,42792.064,11410,46272.54771,12338.03,42079.488,11220,45899.64544,12238.6,52182
07-07-2019,42216.19008,11256.45,43272.1152,11538,41608.32525,11094.37,42777.9625,11406.24,38884
06-07-2019,41188.43046,10982.41,43748.416,11665,41121.2983,10964.51,42216.3401,11256.49,51469
05-07-2019,41800.72077,11145.67,42780.17523,11406.83,40490.96858,10796.44,41144.62579,10970.73,63534
04-07-2019,44779.776,11940,45004.8,12000,41460.672,11055,41800.72077,11145.67,66512
03-07-2019,40673.01299,10844.98,44974.38426,11991.89,40658.23642,10841.04,44779.776,11940,96815
02-07-2019,39847.62496,10624.9,41024.688,10938.75,36480.1408,9727,40665.02464,10842.85,109561
01-07-2019,40707.21664,10854.1,42313.06291,11282.28,37616.512,10030,39847.73747,10624.93,90962
30-06-2019,44641.49875,11903.13,45679.872,12180,40376.91891,10766.03,40707.21664,10854.1,84512
29-06-2019,46531.43782,12407.06,46660.75162,12441.54,43035.91501,11475.02,44641.49875,11903.13,69642
28-06-2019,42491.9945,11329.99,46804.992,12480,41190.19315,10982.88,46507.32275,12400.63,95795
27-06-2019,49124.16435,13098.38,50548.04122,13478.04,39473.33504,10525.1,42491.9945,11329.99,173894
26-06-2019,44334.52851,11821.28,52393.088,13970,44033.4464,11741,49106.98752,13093.8,155930
25-06-2019,41466.63514,11056.59,44442.24,11850,41351.9104,11026,44332.95334,11820.86,61276
24-06-2019,40901.67488,10905.95,41793.06995,11143.63,39832.24832,10620.8,41466.63514,11056.59,43101
23-06-2019,40238.0416,10729,42726.95706,11392.64,39586.14707,10555.18,40902.12493,10906.07,57445
22-06-2019,38103.53894,10159.86,41854.464,11160,37210.41869,9921.72,40239.9168,10729.5,104169
21-06-2019,35696.53222,9518.06,38160.2825,10174.99,35696.53222,9518.06,38103.53894,10159.86,50484
20-06-2019,34705.3015,9253.76,35966.336,9590,34410.67008,9175.2,35693.00685,9517.12,34556
19-06-2019,34061.02029,9081.97,34893.7216,9304,33603.584,8960,34711.7897,9255.49,32147
18-06-2019,34924.21235,9312.13,35015.08454,9336.36,33566.08,8950,34059.44512,9081.55,51554
17-06-2019,33577.3312,8953,35418.7776,9444,33566.08,8950,34931.07558,9313.96,47895
16-06-2019,33043.91181,8810.77,35002.4832,9333,32853.504,8760,33578.56883,8953.33,63289
15-06-2019,32444.26035,8650.88,33247.2585,8864.99,32132.03955,8567.63,33036.14848,8808.7,31791
14-06-2019,30814.93658,8216.44,32570.01126,8684.41,30544.45773,8144.32,32440.96,8650,39835
13-06-2019,30481.90106,8127.64,31165.14893,8309.82,30040.81651,8010.03,30822.81242,8218.54,30467
12-06-2019,29571.52896,7884.9,30753.28,8200,29211.8281,7788.99,30481.90106,8127.64,41597
11-06-2019,29931.9424,7981,30040.704,8010,28848.93939,7692.23,29571.52896,7884.9,30334
10-06-2019,28606.43853,7627.57,30078.208,8020,28169.2544,7511,29938.5056,7982.75,36756
09-06-2019,29610.45811,7895.28,29759.424,7935,28152.97766,7506.66,28608.53875,7628.13,31568
08-06-2019,29924.21658,7978.94,30170.65536,8044.65,29069.3504,7751,29604.23245,7893.62,22657
07-06-2019,29206.50253,7787.57,30378.24,8100,29018.6825,7737.49,29930.17971,7980.53,33942
06-06-2019,29170.91123,7778.08,29508.63475,7868.13,27920.15283,7444.58,29203.23968,7786.7,36624
05-06-2019,28829.47482,7687.04,29615.78368,7896.7,28400.95411,7572.78,29164.9856,7776.5,48679
04-06-2019,30436.97126,8115.66,30436.97126,8115.66,28056.81741,7481.02,28829.43731,7687.03,74143
03-06-2019,32725.9904,8726,33007.08288,8800.95,30306.23232,8080.8,30437.57133,8115.82,45692
02-06-2019,32047.54304,8545.1,33058.95091,8814.78,31968.4096,8524,32725.91539,8725.98,27835
01-06-2019,32084.672,8555,32350.9504,8626,31662.22694,8442.36,32043.68013,8544.07,31868
31-05-2019,31004.93184,8267.1,32230.9376,8594,30410.1184,8108.5,32084.672,8555,44727
30-05-2019,32427.8336,8646.5,34032.1047,9074.26,30021.952,8005,31014.08282,8269.54,70379
29-05-2019,32691.74925,8716.87,32816,8750,31528.11264,8406.6,32424.75827,8645.68,33880
28-05-2019,32825.45101,8752.52,32997.8569,8798.49,31918.26675,8510.63,32687.13626,8715.64,31470
27-05-2019,32300.47002,8612.54,33409.76333,8908.32,32212.1856,8589,32839.70253,8756.32,51886
26-05-2019,30089.4592,8023,32778.496,8740,29378.45837,7833.42,32307.55827,8614.43,49652
25-05-2019,29870.13581,7964.52,30347.48672,8091.8,29659.43834,7908.34,30098.49766,8025.41,28414
24-05-2019,29440.45248,7849.95,30490.752,8130,29125.6064,7766,29871.44845,7964.87,46664
23-05-2019,28607.30112,7627.8,29781.85139,7940.98,27981.7344,7461,29446.3031,7851.51,49648
22-05-2019,29644.96179,7904.48,30063.2064,8016,27996.736,7465,28609.66387,7628.43,49136
21-05-2019,29767.52486,7937.16,30161.91693,8042.32,29144.3584,7771,29646.42445,7904.87,52301
20-05-2019,30558.03418,8147.94,30588.37491,8156.03,28326.7712,7553,29771.23776,7938.15,65859
19-05-2019,27217.85293,7257.32,31034.89754,8275.09,27164.44723,7243.08,30560.05939,8148.48,65577
18-05-2019,27585.24211,7355.28,27970.4832,7458,26840.15014,7156.61,27218.34048,7257.45,37054
17-05-2019,29510.65997,7868.67,29721.92,7925,25926.5152,6913,27585.1671,7355.26,88752
16-05-2019,30637.31763,8169.08,31203.328,8320,28896.832,7705,29502.85914,7866.59,69630
15-05-2019,29797.9031,7945.26,30937.0496,8249,29440.64,7850,30640.28045,8169.87,37884
14-05-2019,29236.69325,7795.62,31375.8464,8366,28501.38982,7599.56,29806.52902,7947.56,76583
13-05-2019,26133.6873,6968.24,30378.24,8100,25765.248,6870,29218.27878,7790.71,85804
12-05-2019,26538.7305,7076.24,28209.68371,7521.78,25315.2,6750,26130.19942,6967.31,86948
11-05-2019,23909.40006,6375.16,27542.9001,7343.99,23900.73664,6372.85,26538.65549,7076.22,74022
10-05-2019,23289.79648,6209.95,24261.03757,6468.92,23147.4688,6172,23902.53683,6373.33,36623
09-05-2019,22452.36966,5986.66,23344.55232,6224.55,22441.30598,5983.71,23286.90867,6209.18,27453
08-05-2019,21926.11354,5846.34,22557.60589,6014.72,21648.05888,5772.2,22454.73242,5987.29,23074
07-05-2019,21564.49997,5749.92,22608.94886,6028.41,21556.3241,5747.74,21926.11354,5846.34,39905
06-05-2019,21651.73427,5773.18,21771.072,5805,21074.02266,5619.14,21556.51162,5747.79,25256
05-05-2019,21864.19443,5829.83,21901.96096,5839.9,21362.2784,5696,21660.88525,5775.62,23822
04-05-2019,21642.13325,5770.62,22127.36,5900,20955.17248,5587.45,21862.76928,5829.45,39682
03-05-2019,20607.73542,5494.81,21917.3376,5844,20543.07853,5477.57,21649.89658,5772.69,46297
02-05-2019,20189.15328,5383.2,20769.7152,5538,20139.648,5370,20600.45965,5492.87,22795
01-05-2019,19959.40378,5321.94,20259.6608,5402,19937.87648,5316.2,20189.15328,5383.2,17217
30-04-2019,19645.12026,5238.14,20027.06099,5339.98,19472.63936,5192.15,19955.16582,5320.81,22238
29-04-2019,19913.91142,5309.81,19997.1328,5332,19422.57152,5178.8,19645.12026,5238.14,19918
28-04-2019,19860.95578,5295.69,20027.136,5340,19725.15379,5259.48,19905.32301,5307.52,14371
27-04-2019,19933.376,5315,20036.512,5342.5,19718.36557,5257.67,19860.95578,5295.69,15422
26-04-2019,19578.85069,5220.47,20664.704,5510,19358.13965,5161.62,19930.00064,5314.1,48912
25-04-2019,20308.416,5415,20596.59674,5491.84,19134.5408,5102,19576.71296,5219.9,49636
24-04-2019,20593.10886,5490.91,20935.48288,5582.2,20002.19584,5333.35,20308.416,5415,48224
23-04-2019,20091.41786,5357.14,21002.24,5600,19998.67046,5332.41,20602.10982,5493.31,41262
22-04-2019,19717.39046,5257.41,20252.16,5400,19533.39584,5208.35,20091.41786,5357.14,29563
21-04-2019,19850.52966,5292.91,19930.93824,5314.35,19370.816,5165,19712.62746,5256.14,25549
20-04-2019,19722.15347,5258.68,20002.45837,5333.42,19614.96704,5230.1,19846.10419,5291.73,19168
19-04-2019,19721.25338,5258.44,19952.128,5320,19408.32,5175,19722.15347,5258.68,24611
18-04-2019,19511.11846,5202.41,19828.3648,5287,19497.57952,5198.8,19721.25338,5258.44,22619
17-04-2019,19403.51949,5173.72,19616.09216,5230.4,19302.55872,5146.8,19512.65613,5202.82,23307
16-04-2019,18845.57248,5024.95,19493.52909,5197.72,18766.77658,5003.94,19403.51949,5173.72,24242
15-04-2019,19244.35251,5131.28,19379.74195,5167.38,18564.48,4950,18845.57248,5024.95,29057
14-04-2019,18929.95648,5047.45,19325.7737,5152.99,18752,5000,19244.42752,5131.3,18281
13-04-2019,18928.2688,5047,19123.2896,5099,18767.0016,5004,18921.59309,5045.22,17292
12-04-2019,18817.14445,5017.37,19054.20723,5080.58,18231.51949,4861.22,18932.0567,5048.01,33276
11-04-2019,19906.59814,5307.86,19999.64557,5332.67,18478.2208,4927,18817.14445,5017.37,54696
10-04-2019,19314.56,5150,20334.6688,5422,19258.304,5135,19908.0608,5308.25,40073
09-04-2019,19646.02035,5238.38,19646.09536,5238.4,19039.58067,5076.68,19314.56,5150,34067
08-04-2019,19390.58061,5170.27,19895.872,5305,18898.2656,5039,19640.46976,5236.9,50178
07-04-2019,18909.77933,5042.07,19629.5936,5234,18849.5104,5026,19390.58061,5170.27,37615
06-04-2019,18770.60198,5004.96,19520.832,5205,18484.18394,4928.59,18916.60506,5043.89,41770
05-04-2019,18371.85946,4898.64,18857.83629,5028.22,18304.27725,4880.62,18770.56448,5004.95,39768
04-04-2019,18499.18554,4932.59,18898.56563,5039.08,17915.6608,4777,18371.93446,4898.66,61054
03-04-2019,18216.40538,4857.19,19783.3975,5275.01,17827.5264,4753.5,18499.22304,4932.6,109890
02-04-2019,15543.68282,4144.54,18369.4217,4897.99,15528.68122,4140.54,18216.78042,4857.29,105383
01-04-2019,15385.79098,4102.44,15596.78848,4158.7,15252.8768,4067,15543.75782,4144.56,25507
31-03-2019,15402.8553,4106.99,15437.09645,4116.12,15311.27053,4082.57,15391.45408,4103.95,13525
30-03-2019,15392.5417,4104.24,15526.656,4140,15196.6208,4052,15402.78029,4106.97,19509
29-03-2019,15107.43629,4028.22,15465.56198,4123.71,15091.72211,4024.03,15388.8288,4103.25,30084
28-03-2019,15150.04083,4039.58,15150.49088,4039.7,15009.1008,4002,15105.89862,4027.81,20089
27-03-2019,14809.46701,3948.77,15181.6192,4048,14762.13696,3936.15,15144.30272,4038.05,32364
26-03-2019,14759.58669,3935.47,14847.75859,3958.98,14604.0576,3894,14808.64192,3948.55,29349
25-03-2019,14969.15904,3991.35,14998.97472,3999.3,14584.21798,3888.71,14762.02445,3936.12,33192
24-03-2019,15024.1399,4006.01,15024.17741,4006.02,14814.08,3950,14972.27187,3992.18,17179
23-03-2019,14956.18266,3987.89,15072.22003,4018.83,14919.1287,3978.01,15024.1399,4006.01,17302
22-03-2019,14929.77984,3980.85,15031.6032,4008,14882.5248,3968.25,14952.58227,3986.93,20022
21-03-2019,15163.01722,4043.04,15261.57773,4069.32,14551.5895,3880.01,14928.99226,3980.64,35997
20-03-2019,15067.15699,4017.48,15189.12,4050,14928.4672,3980.5,15163.01722,4043.04,23432
19-03-2019,14955.95763,3987.83,15117.8624,4031,14889.088,3970,15059.84371,4015.53,19893
18-03-2019,14933.53024,3981.85,15140.3648,4037,14826.56883,3953.33,14955.88262,3987.81,22454
17-03-2019,15024.02739,4005.98,15046.6048,4012,14814.1175,3950.01,14930.86746,3981.14,18814
16-03-2019,14718.29478,3924.46,15215.29779,4056.98,14708.99379,3921.98,15024.02739,4005.98,28568
15-03-2019,14540.75085,3877.12,14773.65069,3939.22,14522.29888,3872.2,14715.6695,3923.76,21740
14-03-2019,14499.0464,3866,14701.568,3920,14290.63667,3810.43,14540.75085,3877.12,27048
13-03-2019,14561.64058,3882.69,14602.40742,3893.56,14401.536,3840,14499.0464,3866,24461
12-03-2019,14520.08614,3871.61,14646.06208,3905.2,14349.25542,3826.06,14561.79059,3882.73,26921
11-03-2019,14686.5289,3915.99,14765.24979,3936.98,14364.032,3830,14520.08614,3871.61,38066
10-03-2019,14789.43987,3943.43,14789.43987,3943.43,14557.89018,3881.69,14689.64173,3916.82,23187
09-03-2019,14494.84595,3864.88,14895.6512,3971.75,14456.8544,3854.75,14787.97722,3943.04,30979
08-03-2019,14527.66195,3873.63,14746.5728,3932,14251.52,3800,14494.88346,3864.89,34730
07-03-2019,14483.44474,3861.84,14646.81216,3905.4,14403.03616,3840.4,14527.69946,3873.64,26455
06-03-2019,14467.46803,3857.58,14652.8128,3907,14300.61274,3813.09,14483.44474,3861.84,24775
05-03-2019,13936.86144,3716.1,14540.67584,3877.1,13889.79392,3703.55,14468.03059,3857.73,32962
04-03-2019,14278.97293,3807.32,14364.032,3830,13766.55578,3670.69,13933.86112,3715.3,34742
03-03-2019,14326.41549,3819.97,14382.784,3835,14181.46253,3781.32,14280.5856,3807.75,16718
02-03-2019,14334.66637,3822.17,14406.44902,3841.31,14147.4464,3772.25,14326.26547,3819.93,19445
01-03-2019,14305.0007,3814.26,14465.2928,3857,14300.3127,3813.01,14337.7792,3823,23174
28-02-2019,14319.17722,3818.04,14581.5552,3888,14116.01805,3763.87,14302.86298,3813.69,32561
27-02-2019,14286.43622,3809.31,14397.22304,3838.85,13790.85837,3677.17,14319.28973,3818.07,31500
26-02-2019,14358.18138,3828.44,14407.1991,3841.51,14165.2608,3777,14286.13619,3809.23,28838
25-02-2019,14039.84742,3743.56,14524.02406,3872.66,14026.496,3740,14356.23117,3827.92,38102
24-02-2019,15444.1472,4118,15744.1792,4198,13923.96006,3712.66,14039.84742,3743.56,62224
23-02-2019,14859.0848,3962,15609.23981,4162.02,14750.88576,3933.15,15443.2471,4117.76,33657
22-02-2019,14766.48742,3937.31,14956.5952,3988,14726.50816,3926.65,14859.0848,3962,23943
21-02-2019,14888.1129,3969.74,15063.40659,4016.48,14630.42291,3901.03,14766.48742,3937.31,31103
20-02-2019,14654.12544,3907.35,14952.76979,3986.98,14516.52326,3870.66,14888.1129,3969.74,36205
19-02-2019,14616.62144,3897.35,14981.04781,3994.52,14461.5424,3856,14655.77562,3907.79,50207
18-02-2019,13755.04205,3667.62,14720.32,3925,13707.712,3655,14621.30944,3898.6,64042
17-02-2019,13566.02189,3617.22,13876.89254,3700.11,13517.94176,3604.4,13754.89203,3667.58,25690
16-02-2019,13510.7785,3602.49,13682.20928,3648.2,13493.60166,3597.91,13570.48486,3618.41,19565
15-02-2019,13466.07373,3590.57,13701.07379,3653.23,13401.86688,3573.45,13510.70349,3602.47,20777
14-02-2019,13532.71834,3608.34,13600.45056,3626.4,13381.83974,3568.11,13466.03622,3590.56,21753
13-02-2019,13619.6151,3631.51,13763.968,3670,13470.4992,3591.75,13536.69376,3609.4,25773
12-02-2019,13617.88992,3631.05,13754.96704,3667.6,13435.20794,3582.34,13619.42758,3631.46,29479
11-02-2019,13800.5344,3679.75,13819.84896,3684.9,13559.68371,3615.53,13617.88992,3631.05,24954
10-02-2019,13745.89107,3665.18,13820.1865,3684.99,13538.0439,3609.76,13801.69702,3680.06,23250
09-02-2019,13727.47661,3660.27,13801.54701,3680.02,13595.68755,3625.13,13745.89107,3665.18,24759
08-02-2019,12745.35936,3398.4,14002.41843,3733.58,12650.47424,3373.1,13722.86362,3659.04,47968
07-02-2019,12777.6128,3407,12850.55808,3426.45,12713.856,3390,12745.35936,3398.4,18665
06-02-2019,13019.77613,3471.57,13061.59309,3482.72,12676.352,3380,12771.49965,3405.37,35310
05-02-2019,12988.46029,3463.22,13047.52909,3478.97,12932.99187,3448.43,13019.85114,3471.59,25264
04-02-2019,12969.29574,3458.11,13069.69395,3484.88,12876.28582,3433.31,12988.46029,3463.22,23131
03-02-2019,13141.62662,3504.06,13167.99194,3511.09,12848.8704,3426,12969.29574,3458.11,19867
02-02-2019,12984.63488,3462.2,13225.41056,3526.4,12902.46362,3440.29,13144.28941,3504.77,17920
01-02-2019,12879.24864,3434.1,13081.3952,3488,12755.86048,3401.2,12984.14733,3462.07,25260
31-01-2019,12967.008,3457.5,13085.89568,3489.2,12821.86752,3418.8,12879.24864,3434.1,29607
30-01-2019,12789.01402,3410.04,13043.8912,3478,12702.97984,3387.1,12969.55827,3458.18,23968
29-01-2019,12878.8736,3434,12914.31488,3443.45,12563.53997,3349.92,12792.76442,3411.04,29544
28-01-2019,13314.10752,3550.05,13342.9856,3557.75,12677.36461,3380.27,12879.43616,3434.15,40405
27-01-2019,13372.50125,3565.62,13422.6816,3579,13073.8944,3486,13317.07034,3550.84,22735
26-01-2019,13376.51418,3566.69,13737.49018,3662.94,13295.168,3545,13371.1136,3565.25,19476
25-01-2019,13385.44013,3569.07,13453.24736,3587.15,13210.8215,3522.51,13371.26362,3565.29,17608
24-01-2019,13325.05869,3552.97,13460.1856,3589,13235.98669,3529.22,13387.50285,3569.62,20826
23-01-2019,13390.46566,3570.41,13531.36819,3607.98,13180.7808,3514.5,13324.49613,3552.82,24938
22-01-2019,13227.21075,3526.88,13533.3184,3608.5,12882.06144,3434.85,13392.41587,3570.93,29336
21-01-2019,13273.6407,3539.26,13349.5863,3559.51,13034.5152,3475.5,13227.28576,3526.9,19644
20-01-2019,13748.0288,3665.75,13852.96499,3693.73,13032.64,3475,13273.71571,3539.28,27901
19-01-2019,13482.20045,3594.87,13951.488,3720,13479.80019,3594.23,13746.34112,3665.3,22171
18-01-2019,13551.39533,3613.32,13576.448,3620,13372.9888,3565.75,13482.20045,3594.87,22713
17-01-2019,13470.83674,3591.84,13631.57888,3634.7,13240.37466,3530.39,13562.23398,3616.21,29755
16-01-2019,13325.39622,3553.06,13670.208,3645,13289.5799,3543.51,13470.83674,3591.84,27480
15-01-2019,13599.25043,3626.08,13683.03437,3648.42,13188.73165,3516.62,13325.39622,3553.06,34137
14-01-2019,13042.24102,3477.56,13770.98125,3671.87,13002.71181,3467.02,13599.28794,3626.09,35235
13-01-2019,13441.80864,3584.1,13543.06944,3611.1,12906.25152,3441.3,13039.42822,3476.81,26385
12-01-2019,13506.35302,3601.31,13569.65978,3618.19,13238.912,3530,13438.17075,3583.13,21999
11-01-2019,13448.48435,3585.88,13718.9632,3658,12995.136,3465,13506.35302,3601.31,38338
10-01-2019,14874.31142,3966.06,14986.6359,3996.01,13276.416,3540,13448.48435,3585.88,59402
09-01-2019,14834.51968,3955.45,15027.14022,4006.81,14739.22202,3930.04,14876.52416,3966.65,28989
08-01-2019,14914.4407,3976.76,15263.37792,4069.8,14637.8112,3903,14833.31955,3955.13,38901
07-01-2019,14955.17005,3987.62,15068.73216,4017.9,14707.30611,3921.53,14909.52768,3975.45,31869
06-01-2019,14143.20845,3771.12,15105.52358,4027.71,14026.496,3740,14955.09504,3987.6,36553
05-01-2019,14214.35354,3790.09,14405.2489,3840.99,14067.7504,3751,14142.60838,3770.96,30490
04-01-2019,14128.50688,3767.2,14340.17946,3823.64,13889.86893,3703.57,14221.5543,3792.01,29519
03-01-2019,14467.43053,3857.57,14486.8201,3862.74,13988.992,3730,14126.93171,3766.78,29406
02-01-2019,14238.20608,3796.45,14559.57786,3882.14,14065.68768,3750.45,14471.14342,3858.56,35156
01-01-2019,13881.09299,3701.23,14289.62406,3810.16,13658.9568,3642,14240.79386,3797.14,23741
31-12-2018,14263.22125,3803.12,14289.024,3810,13615.18963,3630.33,13887.35616,3702.9,29991
30-12-2018,13864.14118,3696.71,14639.6864,3903.5,13718.58816,3657.9,14258.68326,3801.91,33222
29-12-2018,14397.7856,3839,14596.5568,3892,13763.968,3670,13858.92813,3695.32,38874
28-12-2018,13381.01466,3567.89,14578.7424,3887.25,13276.56602,3540.04,14398.7607,3839.26,45964
27-12-2018,14168.0361,3777.74,14303.95059,3813.98,13257.664,3535,13381.08966,3567.91,44097
26-12-2018,14047.34822,3745.56,14390.84736,3837.15,13714.2377,3656.74,14168.0361,3777.74,42629
25-12-2018,15039.51654,4010.11,15076.608,4020,13675.49606,3646.41,14048.21082,3745.79,62725
24-12-2018,14737.98438,3929.71,15744.1792,4198,14719.68243,3924.83,15031.6407,4008.01,64647
23-12-2018,14809.99206,3948.91,15082.34611,4021.53,14514.048,3870,14737.98438,3929.71,40117
22-12-2018,14402.4736,3840.25,14922.8416,3979,14195.264,3785,14809.99206,3948.91,42822
21-12-2018,15196.09574,4051.86,15526.6185,4139.99,14116.5056,3764,14396.51046,3838.66,82343
20-12-2018,13726.5015,3660.01,15451.648,4120,13632.704,3635,15187.69485,4049.62,101543
19-12-2018,13700.2112,3653,14674.30259,3912.73,13586.01152,3622.55,13734.78989,3662.22,94137
18-12-2018,13160.26611,3509.03,13796.18394,3678.59,12843.13229,3424.47,13700.13619,3652.98,61369
17-12-2018,12110.86669,3229.22,13445.184,3585,12061.2864,3216,13160.45363,3509.08,66761
16-12-2018,12045.19718,3211.71,12353.8176,3294,11948.7744,3186,12108.80397,3228.67,24628
15-12-2018,12095.75258,3225.19,12288.1856,3276.5,11837.2375,3156.26,12045.23469,3211.72,29796
14-12-2018,12384.04582,3302.06,12509.04666,3335.39,11915.0208,3177,12091.92717,3224.17,44492
13-12-2018,12925.30355,3446.38,12976.384,3460,12209.4272,3255.5,12384.04582,3302.06,40040
12-12-2018,12673.46419,3379.23,13096.3968,3492,12563.84,3350,12920.128,3445,33922
11-12-2018,12878.9111,3434.01,13051.392,3480,12467.52973,3324.32,12677.81466,3380.39,35920
10-12-2018,13308.2569,3548.49,13538.944,3610,12639.26054,3370.11,12874.67315,3432.88,40989
09-12-2018,12793.96454,3411.36,13718.9632,3658,12729.00762,3394.04,13296.55565,3545.37,45956
08-12-2018,12764.74893,3403.57,13107.648,3495,12083.7888,3222,12792.35187,3410.93,55365
07-12-2018,13159.216,3508.75,13313.8825,3549.99,12093.53984,3224.6,12764.67392,3403.55,95145
06-12-2018,14133.15738,3768.44,14626.5225,3899.99,13126.4,3500,13159.216,3508.75,68378
05-12-2018,14817.75539,3950.98,14889.088,3970,14045.248,3745,14138.40794,3769.84,44004
04-12-2018,14569.4039,3884.76,15320.384,4085,14180.2624,3781,14820.23066,3951.64,48489
03-12-2018,15603.72672,4160.55,15672.9216,4179,14352.7808,3827,14566.5911,3884.01,49094
02-12-2018,15717.85139,4190.98,16175.4377,4312.99,15388.04122,4103.04,15605.4519,4161.01,38912
01-12-2018,15156.37901,4041.27,16126.6825,4299.99,14862.8727,3963.01,15714.25101,4190.02,44840
30-11-2018,16110.66829,4295.72,16281.83654,4341.36,14787.8272,3943,15156.56653,4041.32,67758
29-11-2018,15984.42982,4262.06,16690.70515,4450.38,15472.83776,4125.65,16111.11834,4295.84,73980
28-11-2018,14535.16275,3875.63,16481.02029,4394.47,14530.06221,3874.27,15994.89344,4264.85,91983
27-11-2018,14493.23328,3864.45,14776.576,3940,13835.67565,3689.12,14533.58758,3875.21,67480
26-11-2018,15334.22298,4088.69,15774.1824,4206,13880.2304,3701,14484.79488,3862.2,94503
25-11-2018,14752.87347,3933.68,15875.4432,4233,13698.93606,3652.66,15323.30931,4085.78,101693
24-11-2018,16560.37875,4415.63,16978.0608,4527,14344.11738,3824.69,14748.22298,3932.44,61693
23-11-2018,16392.62336,4370.9,16816.7936,4484,15837.71418,4222.94,16579.05574,4420.61,49371
22-11-2018,17480.91443,4661.08,17708.52621,4721.77,16257.984,4335,16389.248,4370,34531
21-11-2018,17101.48646,4559.91,17953.91488,4787.2,16553.70304,4413.85,17480.87693,4661.07,61071
20-11-2018,18427.21536,4913.4,18932.9193,5048.24,16224.2304,4326,17097.54854,4558.86,117380
19-11-2018,21234.53978,5661.94,21242.2656,5664,18208.192,4855,18414.57651,4910.03,70580
18-11-2018,21116.5897,5630.49,21520.43277,5738.17,21065.9968,5617,21234.7648,5662,23844
17-11-2018,21191.89773,5650.57,21214.51264,5656.6,20872.58867,5565.43,21108.33882,5628.29,26411
16-11-2018,21591.39034,5757.09,21688.15066,5782.89,20811.9072,5549.25,21212.03738,5655.94,38721
15-11-2018,22191.86688,5917.2,22275.65082,5939.54,20264.98637,5403.42,21577.55136,5753.4,47700
14-11-2018,24223.75859,6458.98,24313.24314,6482.84,21215.52525,5656.87,22211.40646,5922.41,46478
13-11-2018,24196.38067,6451.68,24370.0992,6498,23969.36896,6391.15,24218.80806,6457.66,11790
12-11-2018,24192.74278,6450.71,24366.3488,6497,24081.3184,6421,24201.59373,6453.07,10132
11-11-2018,24134.42406,6435.16,24235.60986,6462.14,23833.792,6355,24189.36742,6449.81,8213
10-11-2018,24077.5305,6419.99,24285.90272,6475.55,24043.8144,6411,24126.51072,6433.05,7714
09-11-2018,24301.99194,6479.84,24420.84211,6511.53,23968.8439,6391.01,24077.5305,6419.99,11787
08-11-2018,24671.85638,6578.46,24730.1376,6594,24258.41229,6468.22,24301.99194,6479.84,13259
07-11-2018,24462.84659,6522.73,24809.45856,6615.15,24411.3536,6509,24671.85638,6578.46,14271
06-11-2018,24261.3001,6468.99,24495.02502,6531.31,24172.00307,6445.18,24449.27014,6519.11,11926
05-11-2018,24324.53184,6485.85,24394.06426,6504.39,24118.89741,6431.02,24261.3001,6468.99,8987
04-11-2018,23957.5552,6388,24471.36,6525,23848.7936,6359,24324.53184,6485.85,10592
03-11-2018,24125.57312,6432.8,24152.46349,6439.97,23796.288,6345,23954.14234,6387.09,7661
02-11-2018,24040.064,6410,24228.85914,6460.34,23958.30528,6388.2,24129.99859,6433.98,9739
01-11-2018,23888.24781,6369.52,24162.51456,6442.65,23810.01446,6348.66,24040.064,6410,9099
31-10-2018,23740.0695,6330.01,24107.5712,6428,23421.32301,6245.02,23897.28627,6371.93,12148
30-10-2018,23794.4128,6344.5,23983.808,6395,23691.3143,6317.01,23743.29485,6330.87,8877
29-10-2018,24339.83347,6489.93,24396.3895,6505.01,23683.776,6315,23794.4128,6344.5,13827
28-10-2018,24398.60224,6505.6,24430.74317,6514.17,24201.3312,6453,24339.83347,6489.93,5743
27-10-2018,24522.47795,6538.63,24596.43584,6558.35,24238.98522,6463.04,24398.60224,6505.6,7776
26-10-2018,24483.09875,6528.13,24752.64,6600,24433.8935,6515.01,24522.47795,6538.63,9443
25-10-2018,24628.16422,6566.81,24659.21754,6575.09,24388.10112,6502.8,24482.94874,6528.09,10342
24-10-2018,24578.2839,6553.51,24865.152,6630,24555.85651,6547.53,24623.2512,6565.5,11951
23-10-2018,24682.13248,6581.2,24733.888,6595,24435.54368,6515.45,24578.2839,6553.51,13856
22-10-2018,24715.58605,6590.12,24898.9056,6639,24509.87661,6535.27,24682.13248,6581.2,16213
21-10-2018,24699.08429,6585.72,24992.29056,6663.9,24677.632,6580,24715.54854,6590.11,6515
20-10-2018,24485.91155,6528.88,24818.83456,6617.65,24398.41472,6505.55,24709.13536,6588.4,19240
19-10-2018,24823.74758,6618.96,24933.18426,6648.14,24463.8592,6523,24485.91155,6528.88,20772
18-10-2018,25273.9831,6739.01,25487.7184,6796,24628.8768,6567,24823.74758,6618.96,20116
17-10-2018,25363.0551,6762.76,25544.42445,6811.12,25037.7079,6676.01,25281.03386,6740.89,26641
16-10-2018,25324.576,6752.5,25877.76,6900,25015.168,6670,25349.96621,6759.27,27557
15-10-2018,23775.06074,6339.34,28803.072,7680,23627.52,6300,25324.576,6752.5,90748
14-10-2018,23750.98317,6332.92,24062.5664,6416,23657.5232,6308,23775.06074,6339.34,15627
13-10-2018,23620.0192,6298,23796.288,6345,23571.52653,6285.07,23751.02067,6332.93,19098
12-10-2018,23450.16358,6252.71,23852.544,6360,23286.2336,6209,23620.0567,6298.01,29004
11-10-2018,24865.93958,6630.21,24879.85357,6633.92,23271.232,6205,23450.05107,6252.68,48712
10-10-2018,24965.17517,6656.67,24977.47648,6659.95,24490.112,6530,24868.9024,6631,15390
09-10-2018,25026.4567,6673.01,25072.84915,6685.38,24778.8928,6607,24964.95014,6656.61,15354
08-10-2018,24809.8711,6615.26,25186.18624,6715.6,24703.8848,6587,25026.4567,6673.01,23123
07-10-2018,24739.28858,6596.44,24902.656,6640,24471.36,6525,24809.8711,6615.26,17406
06-10-2018,24886.34176,6635.65,24943.9104,6651,24628.01421,6566.77,24731.15021,6594.27,10939
05-10-2018,24721.47418,6591.69,25116.4288,6697,24539.16723,6543.08,24886.34176,6635.65,16096
04-10-2018,24415.1415,6510.01,24915.63238,6643.46,24396.68954,6505.09,24729.35002,6593.79,20074
03-10-2018,24474.32282,6525.79,24561.3696,6549,24115.072,6430,24415.104,6510,28451
02-10-2018,24790.144,6610,24902.656,6640,24355.0976,6494,24474.32282,6525.79,28245
01-10-2018,24852.28813,6626.57,25004.25434,6667.09,24415.104,6510,24796.18214,6611.61,20621
30-09-2018,24743.86406,6597.66,24985.1648,6662,24501.3632,6533,24852.28813,6626.57,27764
29-09-2018,24882.32883,6634.58,24887.6544,6636,24244.72333,6464.57,24739.06355,6596.38,30255
28-09-2018,25086.87565,6689.12,25558.22592,6814.8,24530.91635,6540.88,24882.32883,6634.58,42399
27-09-2018,24256.98714,6467.84,25315.2,6750,24130.0736,6434,25086.91315,6689.13,33087
26-09-2018,24171.74054,6445.11,24595.0857,6557.99,23926.42688,6379.7,24246.78605,6465.12,33484
25-09-2018,24682.95757,6581.42,24692.6711,6584.01,23721.35501,6325.02,24180.85402,6447.54,40301
24-09-2018,25153.22022,6706.81,25240.192,6730,24591.3728,6557,24682.84506,6581.39,35305
23-09-2018,25214.12672,6723.05,25458.57779,6788.23,24984.2272,6661.75,25157.6832,6708,30286
22-09-2018,25348.9911,6759.01,25649.09811,6839.03,24853.9008,6627,25214.12672,6723.05,29349
21-09-2018,24347.5968,6492,25445.93894,6784.86,24343.8464,6491,25349.02861,6759.02,51779
20-09-2018,23972.5568,6392,24527.616,6540,23721.28,6325,24347.5968,6492,25189
19-09-2018,23763.99706,6336.39,24443.98208,6517.7,22963.6992,6123,23972.14426,6391.89,39044
18-09-2018,23435.08698,6248.69,23965.056,6390,23346.16499,6224.98,23764.22208,6336.45,32620
17-09-2018,24377.90003,6500.08,24504.51354,6533.84,23256.2304,6201,23435.08698,6248.69,35987
16-09-2018,24433.70598,6514.96,24469.93485,6524.62,23890.048,6370,24396.352,6505,27568
15-09-2018,24289.95315,6476.63,24623.06368,6565.45,24250.57395,6466.13,24433.70598,6514.96,25243
14-09-2018,24330.30746,6487.39,24696.3465,6584.99,23948.62925,6385.62,24289.95315,6476.63,37173
13-09-2018,23772.36045,6338.62,24508.864,6535,23767.78496,6337.4,24330.26995,6487.38,40465
12-09-2018,23601.2672,6293,23852.544,6360,23223.86445,6192.37,23772.36045,6338.62,31433
11-09-2018,23672.4873,6311.99,24017.5616,6404,23138.76787,6169.68,23608.43046,6294.91,33104
10-09-2018,23448.4759,6252.26,23904.97459,6373.98,23331.2384,6221,23672.5248,6312,32439
09-09-2018,23196.44902,6185.06,24156.3264,6441,23033.19411,6141.53,23443.03782,6250.81,37053
08-09-2018,23985.83322,6395.54,24295.0912,6478,22918.6944,6111,23196.41152,6185.05,38215
07-09-2018,24440.75674,6516.84,24542.6176,6544,23702.528,6320,23985.83322,6395.54,38906
06-09-2018,25117.44141,6697.27,25221.44,6725,23496.256,6265,24437.6439,6516.01,60644
05-09-2018,27599.38112,7359.05,27742.83392,7397.3,25060.1728,6682,25127.68,6700,63715
04-09-2018,27239.1552,7263,27790.464,7410,27104.77837,7227.17,27599.41862,7359.06,35300
03-09-2018,27385.4208,7302,27521.48531,7338.28,26971.48915,7191.63,27239.23021,7263.02,32396
02-09-2018,27008.76813,7201.57,27548.37568,7345.45,26729.1008,7127,27385.4583,7302.01,39814
01-09-2018,26294.84198,7011.21,27284.16,7275,26285.5785,7008.74,27002.9175,7200.01,40323
31-08-2018,26195.94394,6984.84,26586.5856,7089,25832.7552,6888,26294.84198,7011.21,40467
30-08-2018,26377.35078,7033.21,26491.43795,7063.63,25445.75142,6784.81,26195.94394,6984.84,44716
29-08-2018,26541.5808,7077,26754.64102,7133.81,25924.03994,6912.34,26369.88749,7031.22,43252
28-08-2018,25904.9879,6907.26,26759.104,7135,25727.744,6860,26538.24294,7076.11,48352
27-08-2018,25127.68,6700,26029.6887,6940.51,24927.0336,6646.5,25910.16346,6908.64,37747
26-08-2018,25253.84346,6733.64,25409.97261,6775.27,24632.6272,6568,25127.68,6700,20107
25-08-2018,25078.84979,6686.98,25461.4656,6789,24942.44774,6650.61,25253.84346,6733.64,19220
24-08-2018,24471.36,6525,25221.44,6725,24154.4512,6440.5,25058.82266,6681.64,38305
23-08-2018,23862.18253,6362.57,24666.3433,6576.99,23786.08691,6342.28,24471.3975,6525.01,40358
22-08-2018,24302.51699,6479.98,25812.27802,6882.54,23444.50048,6251.2,23855.88186,6360.89,77909
21-08-2018,23443.7504,6251,24377.6,6500,23384.04403,6235.08,24302.592,6480,41569
20-08-2018,24293.32851,6477.53,24490.112,6530,23327.488,6220,23458.15194,6254.84,49435
19-08-2018,23957.40518,6387.96,24531.3664,6541,23627.52,6300,24293.32851,6477.53,45190
18-08-2018,24674.03162,6579.04,24827.648,6620,23582.5152,6288,23957.40518,6387.96,53742
17-08-2018,23687.5264,6316,24696.384,6585,23572.76416,6285.4,24694.4713,6584.49,57851
16-08-2018,23497.26861,6265.27,24302.592,6480,23273.48224,6205.6,23671.5872,6311.75,48515
15-08-2018,23207.77523,6188.08,24786.3936,6609,23147.88134,6172.11,23504.35686,6267.16,68806
14-08-2018,23433.4368,6248.25,23441.23763,6250.33,22052.352,5880,23207.77523,6188.08,50186
13-08-2018,23659.62342,6308.56,24546.368,6545,23046.35802,6145.04,23426.31104,6246.35,53895
12-08-2018,23337.05152,6222.55,24273.71392,6472.3,22989.952,6130,23658.76083,6308.33,38567
11-08-2018,23057.94675,6148.13,24332.5952,6488,22393.6384,5971,23373.80544,6232.35,47133
10-08-2018,24489.32442,6529.79,24662.18035,6575.88,22601.37306,6026.39,23042.4951,6144.01,59034
09-08-2018,23564.77581,6283.27,24838.18662,6622.81,23172.22144,6178.6,24489.32442,6529.79,51941
08-08-2018,25205.05075,6720.63,25208.46362,6721.54,22963.6992,6123,23571.264,6285,59550
07-08-2018,26009.024,6935,26817.08518,7150.46,25015.168,6670,25202.91302,6720.06,45438
06-08-2018,26343.52218,7024.19,26852.864,7160,25581.4784,6821,26008.34893,6934.82,32760
05-08-2018,26289.70394,7009.84,26589.84845,7089.87,25811.34042,6882.29,26343.52218,7024.19,32894
04-08-2018,27798.97741,7412.27,28108.53542,7494.81,25975.2704,6926,26289.70394,7009.84,36288
03-08-2018,28224.42278,7525.71,28278.016,7540,27312.06298,7282.44,27823.39251,7418.78,44669
02-08-2018,28503.34003,7600.08,28913.55878,7709.46,27961.93229,7455.72,28224.42278,7525.71,37665
01-08-2018,29011.85677,7735.67,29065.6,7750,27865.472,7430,28520.21683,7604.58,42582
31-07-2018,30646.01856,8171.4,30678.272,8180,28626.8032,7633,28994.07987,7730.93,48296
30-07-2018,30794.4969,8210.99,31027.0592,8273,29500.6464,7866,30655.46957,8173.92,39692
29-07-2018,30847.19002,8225.04,31107.7303,8294.51,30434.496,8115,30794.5344,8211,25531
28-07-2018,30710.41293,8188.57,30927.82362,8246.54,30254.4768,8067,30847.19002,8225.04,26215
27-07-2018,29703.168,7920,31072.064,8285,29271.872,7805,30710.41293,8188.57,43671
26-07-2018,30661.88275,8175.63,31187.16378,8315.69,29440.86502,7850.06,29703.168,7920,43223
25-07-2018,31493.0089,8397.24,31847.53421,8491.77,30190.72,8050,30661.92026,8175.64,48257
24-07-2018,28959.27616,7721.65,31825.8944,8486,28863.0784,7696,31493.0089,8397.24,60121
23-07-2018,27733.38291,7394.78,29376.8832,7833,27659.2,7375,28956.8759,7721.01,41646
22-07-2018,27750.1472,7399.25,28437.03296,7582.4,27511.0592,7335.5,27733.42042,7394.79,30270
21-07-2018,27518.44749,7337.47,27972.24589,7458.47,27044.1344,7211,27748.38451,7398.78,28886
20-07-2018,28011.21254,7468.86,28878.08,7700,27276.6592,7273,27518.67251,7337.53,46140
19-07-2018,27685.00275,7381.88,28414.08051,7576.28,27265.408,7270,28001.27398,7466.21,41218
18-07-2018,27443.32698,7317.44,28458.33523,7588.08,27098.06515,7225.38,27685.07776,7381.9,59487
17-07-2018,25215.17683,6723.33,28011.7001,7468.99,24947.81082,6652.04,27443.32698,7317.44,52105
16-07-2018,23830.60416,6354.15,25305.07392,6747.3,23741.53216,6330.4,25215.25184,6723.35,36204
15-07-2018,23443.37536,6250.9,23983.808,6395,23347.74016,6225.4,23826.3287,6353.01,22979
14-07-2018,23307.12333,6214.57,23758.784,6335,23169.9712,6178,23447.4633,6251.99,17783
13-07-2018,23445.25056,6251.4,23815.04,6350,22914.944,6110,23307.12333,6214.57,26375
12-07-2018,23920.31373,6378.07,23928.60211,6380.28,22764.928,6070,23442.13773,6250.57,31306
11-07-2018,23615.93126,6296.91,24025.0624,6406,23548.7241,6278.99,23920.31373,6378.07,28715
10-07-2018,24988.09011,6662.78,25056.4224,6681,23488.7552,6263,23615.93126,6296.91,38560
09-07-2018,25173.05984,6712.1,25510.44582,6802.06,24798.5449,6612.24,24985.61485,6662.12,26732
08-07-2018,25328.25139,6753.48,25427.712,6780,25005.56698,6667.44,25173.05984,6712.1,24622
07-07-2018,24789.35642,6609.79,25570.82726,6818.16,24410.90355,6508.88,25341.37779,6756.98,23973
06-07-2018,24487.11168,6529.2,24934.68442,6648.54,24096.32,6425,24789.31891,6609.78,29397
05-07-2018,24698.37171,6585.53,25172.6848,6712,24202.56883,6453.33,24487.11168,6529.2,35071
04-07-2018,24418.8919,6511.01,25446.16397,6784.92,24156.73894,6441.11,24703.80979,6586.98,23571
03-07-2018,24809.98362,6615.29,25050.23424,6679.35,24238.8727,6463.01,24429.58054,6513.86,38657
02-07-2018,23855.61933,6360.82,25071.424,6685,23521.08365,6271.62,24809.98362,6615.29,36230
01-07-2018,23969.10643,6391.08,24156.55142,6441.06,23443.7504,6251,23840.58022,6356.81,27562
30-06-2018,23244.67917,6197.92,24486.3241,6528.99,23200.08691,6186.03,23965.31853,6390.07,37919
29-06-2018,21943.6279,5851.01,23627.52,6300,21677.312,5780,23244.67917,6197.92,33911
28-06-2018,23007.69139,6134.73,23151.2567,6173.01,21853.5808,5827,21954.76659,5853.98,30585
27-06-2018,22749.51386,6065.89,23216.58867,6190.43,22393.6384,5971,23003.94099,6133.73,19225
26-06-2018,23447.5008,6252,23524.53402,6272.54,22633.664,6035,22767.85331,6070.78,19377
25-06-2018,23019.76768,6137.95,23815.04,6350,22734.81229,6061.97,23447.5008,6252,39164
24-06-2018,23064.88499,6149.98,23476.75392,6259.8,21564.8,5750,23016.09229,6136.97,47445
23-06-2018,22674.61837,6045.92,23477.504,6260,22534.20339,6008.48,23064.88499,6149.98,26622
22-06-2018,25194.02458,6717.69,25255.08109,6733.97,22198.39258,5918.94,22671.168,6045,52157
21-06-2018,25364.74278,6763.21,25483.968,6795,25024.80653,6672.57,25198.33754,6718.84,25428
20-06-2018,25277.696,6740,25567.33939,6817.23,24571.90822,6551.81,25358.3671,6761.51,26359
19-06-2018,25170.39706,6711.39,25659.2617,6841.74,24951.4112,6653,25282.23398,6741.21,24311
18-06-2018,24167.80262,6444.06,25481.64275,6794.38,23927.552,6380,25174.40998,6712.46,31821
17-06-2018,24311.968,6482.5,24711.49811,6589.03,24085.0688,6422,24188.61734,6449.61,19847
16-06-2018,23927.5895,6380.01,24602.624,6560,23705.75334,6320.86,24317.51859,6483.98,22277
15-06-2018,24897.66797,6638.67,25002.64166,6666.66,23861.20742,6362.31,23960.93056,6388.9,30018
14-06-2018,23600.44211,6292.78,25202.688,6720,23477.504,6260,24887.57939,6635.98,44478
13-06-2018,24490.112,6530,24856.15104,6627.6,22947.49747,6118.68,23600.44211,6292.78,46185
12-06-2018,25772.7488,6872,25842.1687,6890.51,24133.824,6435,24490.112,6530,36722
11-06-2018,25371.456,6765,25960.2688,6922,24790.144,6610,25772.7488,6872,34552
10-06-2018,28096.98419,7491.73,28096.98419,7491.73,24838.18662,6622.81,25371.4185,6764.99,52342
09-06-2018,28515.94138,7603.44,28817.99859,7683.98,27940.48,7450,28096.98419,7491.73,19339
08-06-2018,28844.62643,7691.08,28891.2064,7703.5,28244.2624,7531,28515.94138,7603.44,23396
07-06-2018,28723.52602,7658.79,29121.856,7765,28578.048,7620,28844.62643,7691.08,25062
06-06-2018,28602.95066,7626.64,28874.3296,7699,28004.42432,7467.05,28723.71354,7658.84,27229
05-06-2018,28079.2448,7487,28801.1593,7679.49,27595.4432,7358,28596.8,7625,31722
04-06-2018,28931.5607,7714.26,29105.05421,7760.52,27927.3536,7446.5,28079.2448,7487,32258
03-06-2018,28641.09222,7636.81,29203.20218,7786.69,28503.04,7600,28931.5607,7714.26,27505
02-06-2018,28206.7959,7521.01,28868.06643,7697.33,27891.7248,7437,28653.16851,7640.03,26720
01-06-2018,28071.7815,7485.01,28535.10592,7608.55,27586.21722,7355.54,28206.7959,7521.01,28259
31-05-2018,27685.71533,7382.07,28874.3296,7699,27481.0935,7327.51,28071.7815,7485.01,30776
30-05-2018,28007.91219,7467.98,28386.7776,7569,27229.7792,7260.5,27662.80038,7375.96,32041
29-05-2018,26624.0896,7099,28278.016,7540,26376.37568,7032.95,27982.82202,7461.29,39407
28-05-2018,27524.1481,7338.99,27891.7248,7437,26470.39821,7058.02,26624.0896,7099,27219
27-05-2018,27505.4336,7334,27752.96,7400,27119.55494,7231.11,27524.1481,7338.99,18706
26-05-2018,27966.6953,7456.99,28578.048,7620,27377.92,7300,27505.28358,7333.96,19464
25-05-2018,28424.2441,7578.99,28688.87232,7649.55,27408.48576,7308.15,27966.7328,7457,26739
24-05-2018,28135.31328,7501.95,28993.32979,7730.73,27254.1193,7266.99,28409.3175,7575.01,37845
23-05-2018,29917.39085,7977.12,30122.83776,8031.9,27846.72,7425,28135.31328,7501.95,42910
22-05-2018,31454.19226,8386.89,31504.03507,8400.18,29759.83654,7935.11,29917.35334,7977.11,23710
21-05-2018,31979.54829,8526.97,32235.85062,8595.31,31147.072,8305,31433.0025,8381.24,21516
20-05-2018,30878.8809,8233.49,32287.1936,8609,30617.89056,8163.9,31979.58579,8526.98,19957
19-05-2018,30895.8327,8238.01,31468.85632,8390.8,30362.22579,8095.73,30878.8809,8233.49,17193
18-05-2018,30148.79053,8038.82,31027.84678,8273.21,29672.78976,7911.9,30902.58342,8239.81,23476
17-05-2018,31240.832,8330,31743.3856,8464,29924.4416,7979,30158.69158,8041.46,25439
16-05-2018,31735.8848,8462,31833.3952,8488,30314.5207,8083.01,31240.832,8330,31130
15-05-2018,32491.10285,8663.37,33228.5065,8859.99,31508.23552,8401.3,31735.8848,8462,28126
14-05-2018,32552.38438,8679.71,33303.5145,8879.99,31042.0608,8277,32490.99034,8663.34,37389
13-05-2018,31786.29018,8475.44,32866.10534,8763.36,31120.8192,8298,32552.38438,8679.71,25632
12-05-2018,31525.63738,8405.94,32429.25875,8646.88,30577.0112,8153,31750.66138,8465.94,40241
11-05-2018,33761.88838,9002.21,33816.60672,9016.8,31282.0864,8341,31503.36,8400,48227
10-05-2018,34916.224,9310,35235.45805,9395.12,33641.088,8970,33761.85088,9002.2,25055
09-05-2018,34421.1712,9178,35216.256,9390,33622.336,8965,34916.224,9310,25673
08-05-2018,35122.496,9365,35537.66528,9475.7,33980.64922,9060.54,34457.02502,9187.56,25533
07-05-2018,36232.68941,9661.02,36340.13837,9689.67,34432.4224,9181,35122.496,9365,33787
